Province_State,Country_Region,Last_Update,Lat,Long_,Confirmed,Deaths,Recovered,Active,FIPS,Incident_Rate,People_Tested,People_Hospitalized,Mortality_Rate,UID,ISO3,Testing_Rate,Hospitalization_Rate,Cases_28_Days,Deaths_28_Days
Australian Capital Territory,Australia,2021-10-19 12:31:14,-35.4735,149.0124,1612,11,,,,376.5475356225182,,,0.6823821339950372,3601,AUS,,,847,8
New South Wales,Australia,2021-10-19 12:31:14,-33.8688,151.2093,71923,533,,,,885.9694506035968,,,0.7410703113051458,3602,AUS,,,18025,224
Northern Territory,Australia,2021-10-19 12:31:14,-12.4634,130.8456,225,0,,,,91.61237785016287,,,0.0,3603,AUS,,,19,0
Queensland,Australia,2021-10-19 12:31:14,-27.4698,153.0251,2071,7,,,,40.48480109471215,,,0.3380009657170449,3604,AUS,,,53,0
South Australia,Australia,2021-10-19 12:31:14,-34.9285,138.6007,916,4,,,,52.14916026188443,,,0.4366812227074236,3605,AUS,,,17,0
Tasmania,Australia,2021-10-19 12:31:14,-42.8821,147.3272,237,13,,,,44.25770308123249,,,5.485232067510547,3606,AUS,,,2,0
Victoria,Australia,2021-10-19 12:31:14,-37.8136,144.9631,69179,981,,,,1043.439569224272,,,1.4180603940502174,3607,AUS,,,39610,148
Western Australia,Australia,2021-10-19 12:31:14,-31.9505,115.8605,1112,9,,,,42.2717250817304,,,0.8093525179856115,3608,AUS,,,18,0
Antwerp,Belgium,2021-10-19 12:31:14,51.2195,4.4024,169556,0,,,,9125.795350449358,,,0.0,5601,BEL,,,8310,0
Brussels,Belgium,2021-10-19 12:31:14,50.8503,4.3517,175072,0,,,,14486.215621798829,,,0.0,5602,BEL,,,11667,0
East Flanders,Belgium,2021-10-19 12:31:14,51.0362,3.7373,144162,0,,,,9515.241600354837,,,0.0,5603,BEL,,,5095,0
Flemish Brabant,Belgium,2021-10-19 12:31:14,50.9167,4.5833,104021,0,,,,9075.49021746243,,,0.0,5604,BEL,,,6590,0
Hainaut,Belgium,2021-10-19 12:31:14,50.5257,4.0621,177772,0,,,,13224.711937814722,,,0.0,5605,BEL,,,5893,0
Liege,Belgium,2021-10-19 12:31:14,50.4496,5.8492,156465,0,,,,14134.248485987251,,,0.0,5606,BEL,,,10106,0
Limburg,Belgium,2021-10-19 12:31:14,50.9739,5.3420000000000005,71489,0,,,,8179.070257011057,,,0.0,5607,BEL,,,2784,0
Luxembourg,Belgium,2021-10-19 12:31:14,50.0547,5.4677,36006,0,,,,12649.751614331186,,,0.0,5608,BEL,,,2058,0
Namur,Belgium,2021-10-19 12:31:14,50.331,4.8221,66106,0,,,,13372.983361149041,,,0.0,5609,BEL,,,2831,0
Unknown,Belgium,2021-10-19 12:31:14,,,25391,25780,,,,,,,101.5320389114253,5610,BEL,,,1285,263
Walloon Brabant,Belgium,2021-10-19 12:31:14,50.4,4.35,50611,0,,,,12539.92205134304,,,0.0,5611,BEL,,,3498,0
West Flanders,Belgium,2021-10-19 12:31:14,51.0536,3.1458,112382,0,,,,9398.09131323403,,,0.0,5612,BEL,,,4031,0
Acre,Brazil,2021-10-19 12:31:14,-9.0238,-70.812,88010,1842,,,,9979.193477977402,,,2.0929439836382233,7601,BRA,,,78,25
Alagoas,Brazil,2021-10-19 12:31:14,-9.5713,-36.782,239370,6262,,,,7172.442145086667,,,2.6160337552742616,7602,BRA,,,1697,89
Amapa,Brazil,2021-10-19 12:31:14,0.902,-52.003,123277,1989,,,,14576.384216730852,,,1.6134396521654486,7603,BRA,,,600,19
Amazonas,Brazil,2021-10-19 12:31:14,-3.4168,-65.8561,427188,13756,,,,10307.105853717503,,,3.2201279062145938,7604,BRA,,,1164,42
Bahia,Brazil,2021-10-19 12:31:14,-12.5797,-41.7007,1240271,26976,,,,8339.041639301759,,,2.1750085263623835,7605,BRA,,,11071,205
Ceara,Brazil,2021-10-19 12:31:14,-5.4984,-39.3206,942216,24378,,,,10317.651688914615,,,2.587304821824295,7606,BRA,,,6285,221
Distrito Federal,Brazil,2021-10-19 12:31:14,-15.7998,-47.8645,511145,10720,,,,16951.892833406517,,,2.097252247405335,7607,BRA,,,24459,422
Espirito Santo,Brazil,2021-10-19 12:31:14,-19.1834,-40.3089,599219,12770,,,,14910.952683114976,,,2.1311073247009857,7608,BRA,,,22209,325
Goias,Brazil,2021-10-19 12:31:14,-15.827,-49.8362,886195,23949,,,,12626.82104664427,,,2.7024526204729207,7609,BRA,,,40938,807
Maranhao,Brazil,2021-10-19 12:31:14,-4.9609,-45.2744,358712,10215,,,,5070.0045694944065,,,2.8476883962621824,7610,BRA,,,4951,79
Mato Grosso,Brazil,2021-10-19 12:31:14,-12.6819,-56.9211,540091,13647,,,,15499.964700473472,,,2.526796410234572,7611,BRA,,,11388,164
Mato Grosso do Sul,Brazil,2021-10-19 12:31:14,-20.7722,-54.7852,375363,9625,,,,13507.19291137127,,,2.564184536035784,7612,BRA,,,3508,119
Minas Gerais,Brazil,2021-10-19 12:31:14,-18.5122,-44.555,2167653,55218,,,,10239.852620775555,,,2.5473634387053647,7613,BRA,,,54895,1133
Para,Brazil,2021-10-19 12:31:14,-1.9981,-54.9306,595181,16710,,,,6918.40450826556,,,2.8075493001288683,7614,BRA,,,7132,124
Paraiba,Brazil,2021-10-19 12:31:14,-7.24,-36.782,443927,9371,,,,11048.107737759408,,,2.1109326533416533,7615,BRA,,,3821,93
Parana,Brazil,2021-10-19 12:31:14,-25.2521,-52.0215,1536788,39877,,,,13440.561303492745,,,2.594827653521501,7616,BRA,,,44598,1386
Pernambuco,Brazil,2021-10-19 12:31:14,-8.8137,-36.9541,626308,19893,,,,6553.3467314410445,,,3.1762327800379366,7617,BRA,,,10485,273
Piaui,Brazil,2021-10-19 12:31:14,-7.7183,-42.7289,322994,7068,,,,9867.75435984122,,,2.1882759432063748,7618,BRA,,,4501,81
Rio Grande do Norte,Brazil,2021-10-19 12:31:14,-5.4026,-36.9541,370914,7364,,,,10576.833417311758,,,1.985365879961393,7620,BRA,,,3193,42
Rio Grande do Sul,Brazil,2021-10-19 12:31:14,-30.0346,-51.2177,1453468,35196,,,,12775.226045616164,,,2.4215187400066602,7621,BRA,,,24479,589
Rio de Janeiro,Brazil,2021-10-19 12:31:14,-22.9068,-43.1729,1308193,67584,,,,7577.163735785284,,,5.166210184582856,7619,BRA,,,38954,2666
Rondonia,Brazil,2021-10-19 12:31:14,-11.5057,-63.5806,267659,6552,,,,15060.501624723938,,,2.4478907864110684,7622,BRA,,,2730,40
Roraima,Brazil,2021-10-19 12:31:14,-2.7376,-62.0751,126316,2018,,,,20852.448407870434,,,1.5975806706988822,7623,BRA,,,219,31
Santa Catarina,Brazil,2021-10-19 12:31:14,-27.2423,-50.2189,1206243,19500,,,,16835.710979864303,,,1.6165896921267109,7624,BRA,,,36912,402
Sao Paulo,Brazil,2021-10-19 12:31:14,-23.5505,-46.6333,4390006,151129,,,,9560.315589288446,,,3.4425693267845183,7625,BRA,,,39005,3025
Sergipe,Brazil,2021-10-19 12:31:14,-10.5741,-37.3857,278346,6022,,,,12108.865200096056,,,2.163494355945478,7626,BRA,,,458,17
Tocantins,Brazil,2021-10-19 12:31:14,-10.1753,-48.2982,226857,3834,,,,14423.161286466868,,,1.6900514420978854,7627,BRA,,,4513,91
Alberta,Canada,2021-10-19 12:31:14,53.9333,-116.5765,316433,2976,,,,7170.236380124294,,,0.9404834514731396,12401,CAN,,,34242,431
British Columbia,Canada,2021-10-19 12:31:14,53.7267,-127.6476,198278,2081,,,,3879.499510557499,,,1.0495365093454645,12402,CAN,,,18625,182
Diamond Princess,Canada,2021-10-19 12:31:14,,,0,1,,,,,,,,12413,CAN,,,0,0
Grand Princess,Canada,2021-10-19 12:31:14,,,13,0,,,,,,,0.0,12414,CAN,,,0,0
Manitoba,Canada,2021-10-19 12:31:14,53.7609,-98.8139,62230,1231,,,,4517.548603755889,,,1.9781455889442392,12403,CAN,,,2471,26
New Brunswick,Canada,2021-10-19 12:31:14,46.5653,-66.4619,5846,91,,,,749.4939057145384,,,1.5566199110502907,12404,CAN,,,2410,43
Newfoundland and Labrador,Canada,2021-10-19 12:31:14,53.1355,-57.6604,1889,15,,,,362.3181456369338,,,0.7940709370037057,12405,CAN,,,319,8
Northwest Territories,Canada,2021-10-19 12:31:14,64.8255,-124.8457,1694,9,,,,3772.4924282914653,,,0.5312868949232585,12406,CAN,,,945,8
Nova Scotia,Canada,2021-10-19 12:31:14,44.682,-63.7443,7077,98,,,,724.0216193653531,,,1.3847675568743818,12407,CAN,,,710,4
Nunavut,Canada,2021-10-19 12:31:14,70.2998,-83.1076,674,4,,,,1738.009283135637,,,0.5934718100890207,12416,CAN,,,13,0
Ontario,Canada,2021-10-19 12:31:14,51.2538,-85.3232,603249,9866,,,,4100.435656292043,,,1.6354772241644826,12408,CAN,,,15005,159
Prince Edward Island,Canada,2021-10-19 12:31:14,46.5107,-63.4168,309,0,,,,195.3742460071574,,,0.0,12409,CAN,,,25,0
Quebec,Canada,2021-10-19 12:31:14,52.9399,-73.5491,420128,11449,,,,4920.871890868637,,,2.7251218676212963,12410,CAN,,,16424,123
Repatriated Travellers,Canada,2021-10-19 12:31:14,,,13,0,,,,,,,0.0,,,,,0,0
Saskatchewan,Canada,2021-10-19 12:31:14,52.9399,-106.4509,74673,785,,,,6319.298346571704,,,1.0512501171775608,12411,CAN,,,12053,144
Yukon,Canada,2021-10-19 12:31:14,64.2823,-135.0,858,10,,,,2088.7092847753056,,,1.1655011655011656,12412,CAN,,,133,1
Antofagasta,Chile,2021-10-19 12:31:14,-23.6509,-70.3975,62179,1252,,,,10234.653533793991,,,2.0135415493977065,15201,CHL,,,1192,7
Araucania,Chile,2021-10-19 12:31:14,-38.9489,-72.3311,98666,1515,,,,10307.514228644495,,,1.5354833478604586,15202,CHL,,,518,7
Arica y Parinacota,Chile,2021-10-19 12:31:14,-18.594,-69.4785,27660,536,,,,12235.256648442062,,,1.9378163412870568,15203,CHL,,,676,7
Atacama,Chile,2021-10-19 12:31:14,-27.5661,-70.0503,27603,357,,,,9553.06218506008,,,1.2933376806868822,15204,CHL,,,353,6
Aysen,Chile,2021-10-19 12:31:14,-45.9864,-73.7669,8413,79,,,,8155.450861784835,,,0.9390229406870321,15205,CHL,,,172,1
Biobio,Chile,2021-10-19 12:31:14,-37.4464,-72.1416,152320,2694,,,,9784.141237984204,,,1.768644957983193,15206,CHL,,,1279,26
Coquimbo,Chile,2021-10-19 12:31:14,-29.959,-71.3389,49283,1032,,,,6505.268048775982,,,2.0940283667796202,15207,CHL,,,711,9
Los Lagos,Chile,2021-10-19 12:31:14,-41.9198,-72.1416,89400,1410,,,,10787.8770326822,,,1.577181208053691,15208,CHL,,,593,8
Los Rios,Chile,2021-10-19 12:31:14,-40.231,-72.3311,49598,696,,,,12888.053903340897,,,1.4032823904189684,15209,CHL,,,301,5
Magallanes,Chile,2021-10-19 12:31:14,-52.368,-70.9863,29260,499,,,,17570.091213152948,,,1.7053998632946,15210,CHL,,,14,1
Maule,Chile,2021-10-19 12:31:14,-35.5183,-71.6885,102812,1788,,,,9838.939662184794,,,1.7390966035093183,15211,CHL,,,1266,9
Metropolitana,Chile,2021-10-19 12:31:14,-33.4376,-70.6505,702302,19269,,,,9873.765747648467,,,2.7436914603689013,15212,CHL,,,13541,131
Nuble,Chile,2021-10-19 12:31:14,-36.7226,-71.7622,36364,646,,,,7566.23367435899,,,1.776482235177648,15213,CHL,,,438,4
OHiggins,Chile,2021-10-19 12:31:14,-34.5755,-71.0022,69356,1558,,,,7583.578899027396,,,2.2463809908299206,15214,CHL,,,756,11
Tarapaca,Chile,2021-10-19 12:31:14,-19.9232,-69.5132,42025,810,,,,12713.351363452102,,,1.9274241522903035,15215,CHL,,,715,2
Unknown,Chile,2021-10-19 12:31:14,,,48,0,,,,,,,0.0,15217,CHL,,,,0
Valparaiso,Chile,2021-10-19 12:31:14,-33.0472,-71.6127,124776,3479,,,,6871.295917951518,,,2.788196448034878,15216,CHL,,,1795,19
Anhui,China,2021-10-19 12:31:14,31.8257,117.2264,1008,6,,,,1.5939278937381405,,,0.5952380952380952,15601,CHN,,,0,0
Beijing,China,2021-10-19 12:31:14,40.1824,116.4142,1129,9,,,,5.241411327762303,,,0.7971656333038086,15602,CHN,,,9,0
Chongqing,China,2021-10-19 12:31:14,30.0572,107.874,603,6,,,,1.943907156673114,,,0.9950248756218906,15603,CHN,,,0,0
Fujian,China,2021-10-19 12:31:14,26.0789,117.9874,1295,1,,,,3.285968028419183,,,0.07722007722007722,15604,CHN,,,82,0
Gansu,China,2021-10-19 12:31:14,35.7518,104.2861,204,2,,,,0.7736063708759955,,,0.9803921568627452,15605,CHN,,,1,0
Guangdong,China,2021-10-19 12:31:14,23.3417,113.4244,3204,8,,,,2.8239026969857215,,,0.24968789013732834,15606,CHN,,,59,0
Guangxi,China,2021-10-19 12:31:14,23.8298,108.7881,320,2,,,,0.6496142915144133,,,0.625,15607,CHN,,,23,0
Guizhou,China,2021-10-19 12:31:14,26.8154,106.8748,148,2,,,,0.4111111111111111,,,1.351351351351351,15608,CHN,,,0,0
Hainan,China,2021-10-19 12:31:14,19.1959,109.7453,190,6,,,,2.034261241970021,,,3.1578947368421053,15609,CHN,,,0,0
Hebei,China,2021-10-19 12:31:14,37.8957,114.9042,1318,7,,,,1.7443091582848067,,,0.5311077389984825,15610,CHN,,,1,0
Heilongjiang,China,2021-10-19 12:31:14,47.862,127.7615,1712,13,,,,4.5375033130135165,,,0.7593457943925234,15611,CHN,,,94,0
Henan,China,2021-10-19 12:31:14,33.882,113.614,1550,22,,,,1.6137428422696511,,,1.4193548387096775,15612,CHN,,,11,0
Hong Kong,China,2021-10-19 12:31:14,22.3,114.2,12301,213,,,,164.07922755111787,,,1.7315665393057476,344,HKG,,,134,0
Hubei,China,2021-10-19 12:31:14,30.9756,112.2707,68303,4512,,,,115.43518675004223,,,6.605859186272931,15613,CHN,,,8,0
Hunan,China,2021-10-19 12:31:14,27.6104,111.7088,1194,4,,,,1.7306856066096536,,,0.33500837520938026,15614,CHN,,,13,0
Inner Mongolia,China,2021-10-19 12:31:14,44.0935,113.9448,430,1,,,,1.6969218626677192,,,0.2325581395348837,15615,CHN,,,9,0
Jiangsu,China,2021-10-19 12:31:14,32.9711,119.455,1600,0,,,,1.9873307663644268,,,0.0,15616,CHN,,,5,0
Jiangxi,China,2021-10-19 12:31:14,27.614,115.7221,937,1,,,,2.01592082616179,,,0.10672358591248668,15617,CHN,,,0,0
Jilin,China,2021-10-19 12:31:14,43.6661,126.1923,577,3,,,,2.1338757396449703,,,0.5199306759098787,15618,CHN,,,3,0
Liaoning,China,2021-10-19 12:31:14,41.2956,122.6085,463,2,,,,1.062170222528103,,,0.4319654427645788,15619,CHN,,,13,0
Macau,China,2021-10-19 12:31:14,22.1667,113.55,77,0,,,,11.858157950663905,,,0.0,446,MAC,,,14,0
Ningxia,China,2021-10-19 12:31:14,37.2692,106.1655,79,0,,,,1.1482558139534884,,,0.0,15620,CHN,,,1,0
Qinghai,China,2021-10-19 12:31:14,35.7452,95.9956,18,0,,,,0.29850746268656714,,,0.0,15621,CHN,,,0,0
Shaanxi,China,2021-10-19 12:31:14,35.1917,108.8701,688,3,,,,1.7805383022774328,,,0.43604651162790703,15622,CHN,,,17,0
Shandong,China,2021-10-19 12:31:14,36.3427,118.1498,962,7,,,,0.9574997511695034,,,0.7276507276507277,15623,CHN,,,32,0
Shanghai,China,2021-10-19 12:31:14,31.202,121.4491,2682,7,,,,11.064356435643564,,,0.2609992542878449,15624,CHN,,,115,0
Shanxi,China,2021-10-19 12:31:14,37.5777,112.2922,260,0,,,,0.6993006993006993,,,0.0,15625,CHN,,,0,0
Sichuan,China,2021-10-19 12:31:14,30.6171,102.7103,1220,3,,,,1.4626543579906486,,,0.2459016393442623,15626,CHN,,,14,0
Tianjin,China,2021-10-19 12:31:14,39.3054,117.323,500,3,,,,3.2051282051282053,,,0.6,15627,CHN,,,19,0
Tibet,China,2021-10-19 12:31:14,31.6927,88.0924,1,0,,,,0.02906976744186046,,,0.0,15628,CHN,,,0,0
Unknown,China,2021-10-19 12:31:14,,,0,0,,,,,,,,15699,CHN,,,0,0
Xinjiang,China,2021-10-19 12:31:14,41.1129,85.2401,981,3,,,,3.9445114595898674,,,0.3058103975535168,15629,CHN,,,1,0
Yunnan,China,2021-10-19 12:31:14,24.974,101.487,1550,2,,,,3.209109730848861,,,0.12903225806451613,15630,CHN,,,220,0
Zhejiang,China,2021-10-19 12:31:14,29.1832,120.0934,1457,1,,,,2.53965487188426,,,0.06863417982155114,15631,CHN,,,11,0
Amazonas,Colombia,2021-10-19 12:31:14,-1.4429,-71.5724,6828,255,,,,8915.118359033282,,,3.734622144112478,17001,COL,,,8,1
Antioquia,Colombia,2021-10-19 12:31:14,7.1986,-75.3412,752080,16213,,,,11738.224239289462,,,2.1557547069460696,17002,COL,,,9172,218
Arauca,Colombia,2021-10-19 12:31:14,7.0762,-70.7105,13481,461,,,,5142.0049280248995,,,3.4196276240634966,17003,COL,,,223,9
Atlantico,Colombia,2021-10-19 12:31:14,10.6966,-74.8741,326157,9511,,,,12863.530396364922,,,2.916080292619812,17004,COL,,,8025,88
Bolivar,Colombia,2021-10-19 12:31:14,8.6704,-74.03,157319,2980,,,,7599.547850114245,,,1.8942403651180089,17005,COL,,,1493,27
Boyaca,Colombia,2021-10-19 12:31:14,5.4545,-73.362,105543,2556,,,,8669.71256210078,,,2.421761746397203,17006,COL,,,411,14
Caldas,Colombia,2021-10-19 12:31:14,5.2983,-75.2479,100561,2265,,,,10073.678569103084,,,2.252364236632492,17007,COL,,,370,12
Capital District,Colombia,2021-10-19 12:31:14,4.711,-74.0721,1452635,27525,,,,19596.92500545695,,,1.8948324940539092,17008,COL,,,4700,75
Caqueta,Colombia,2021-10-19 12:31:14,0.8699,-73.8419,22902,937,,,,5704.265870297816,,,4.091345733997032,17009,COL,,,98,6
Casanare,Colombia,2021-10-19 12:31:14,5.7589,-71.5724,35597,927,,,,8465.317809105265,,,2.6041520352838723,17010,COL,,,133,12
Cauca,Colombia,2021-10-19 12:31:14,2.705,-76.82600000000002,56022,1550,,,,3825.3642228546773,,,2.766770197422441,17011,COL,,,397,27
Cesar,Colombia,2021-10-19 12:31:14,9.3373,-73.6536,89503,2497,,,,7455.0173500342335,,,2.7898506195323063,17012,COL,,,727,20
Choco,Colombia,2021-10-19 12:31:14,5.2528,-76.82600000000002,16408,398,,,,3067.9136765976227,,,2.42564602632862,17013,COL,,,83,6
Cordoba,Colombia,2021-10-19 12:31:14,8.0493,-75.574,104067,3742,,,,5830.792875100222,,,3.5957604235732745,17014,COL,,,443,22
Cundinamarca,Colombia,2021-10-19 12:31:14,5.026,-74.03,264102,6812,,,,9047.501592978562,,,2.579306480072093,17015,COL,,,820,20
Guainia,Colombia,2021-10-19 12:31:14,2.5854,-68.5247,2305,29,,,,4790.705407989359,,,1.2581344902386118,17016,COL,,,22,0
Guaviare,Colombia,2021-10-19 12:31:14,1.0654,-73.2603,5137,97,,,,6206.579917116726,,,1.8882616313023168,17017,COL,,,7,3
Huila,Colombia,2021-10-19 12:31:14,2.5359,-75.5277,88351,3142,,,,8029.091609671515,,,3.5562698780998523,17018,COL,,,246,7
La Guajira,Colombia,2021-10-19 12:31:14,11.3548,-72.5205,42782,1344,,,,4858.499136912874,,,3.1415081108877567,17019,COL,,,521,11
Magdalena,Colombia,2021-10-19 12:31:14,10.4113,-74.4057,95484,3343,,,,7116.3990800047095,,,3.5011101336349544,17020,COL,,,2174,38
Meta,Colombia,2021-10-19 12:31:14,3.272,-73.0877,89568,2273,,,,8614.610443945594,,,2.5377366916755983,17021,COL,,,1790,48
Narino,Colombia,2021-10-19 12:31:14,1.2892,-77.3579,89731,3025,,,,5502.9707002119485,,,3.3711872151207496,17022,COL,,,424,15
Norte de Santander,Colombia,2021-10-19 12:31:14,7.9463,-72.8988,91565,4289,,,,6138.343850494305,,,4.684104188281548,17023,COL,,,1544,57
Putumayo,Colombia,2021-10-19 12:31:14,0.436,-75.5277,16376,669,,,,4703.2873612076455,,,4.0852467024914505,17024,COL,,,172,4
Quindio,Colombia,2021-10-19 12:31:14,4.461,-75.6674,56516,1746,,,,10467.78686581318,,,3.0893906150470665,17025,COL,,,467,22
Risaralda,Colombia,2021-10-19 12:31:14,5.3158,-75.9928,87774,2228,,,,9303.996921775577,,,2.538337092988812,17026,COL,,,280,10
San Andres y Providencia,Colombia,2021-10-19 12:31:14,12.5567,-81.7185,6925,136,,,,11300.587467362924,,,1.9638989169675092,17027,COL,,,74,2
Santander,Colombia,2021-10-19 12:31:14,6.6437,-73.6536,225795,7302,,,,10334.638236170478,,,3.2339068624194507,17028,COL,,,794,33
Sucre,Colombia,2021-10-19 12:31:14,8.814,-74.7233,59171,1623,,,,6539.22195956736,,,2.742897703266803,17029,COL,,,230,7
Tolima,Colombia,2021-10-19 12:31:14,4.0925,-75.1545,107495,3663,,,,8081.194598954884,,,3.4076003535048143,17030,COL,,,258,16
Unknown,Colombia,2021-10-19 12:31:14,,,0,296,,,,,,,,17034,COL,,,0,0
Valle del Cauca,Colombia,2021-10-19 12:31:14,3.8009,-76.6413,409702,12982,,,,9153.539656729417,,,3.1686445269976717,17031,COL,,,4200,132
Vaupes,Colombia,2021-10-19 12:31:14,0.8554,-70.812,1753,17,,,,4296.88457484619,,,0.9697661152310324,17032,COL,,,4,0
Vichada,Colombia,2021-10-19 12:31:14,4.4234,-69.2878,2940,53,,,,2727.0703472840605,,,1.8027210884353744,17033,COL,,,16,0
Faroe Islands,Denmark,2021-10-19 12:31:14,61.8926,-6.9118,1350,2,,,,2762.713598690269,,,0.14814814814814814,234,FRO,,,280,0
Greenland,Denmark,2021-10-19 12:31:14,71.7069,-42.6043,654,0,,,,1151.976326358064,,,0.0,304,GRL,,,185,0
French Guiana,France,2021-10-19 12:31:14,4.0,-53.0,43561,297,,,,14584.407496936541,,,0.6818025297858176,254,GUF,,,4989,58
French Polynesia,France,2021-10-19 12:31:14,-17.6797,-149.4068,45439,635,,,,16175.988949961553,,,1.3974779374546096,258,PYF,,,5261,36
Guadeloupe,France,2021-10-19 12:31:14,16.265,-61.551,54095,809,,,,13519.457572220821,,,1.4955171457620853,312,GLP,,,1373,53
Martinique,France,2021-10-19 12:31:14,14.6415,-61.0242,42543,668,,,,11336.788669340332,,,1.5701760571656909,474,MTQ,,,2030,68
Mayotte,France,2021-10-19 12:31:14,-12.8275,45.166244,20439,181,,,,7491.945031944959,,,0.8855619159450071,175,MYT,,,332,5
New Caledonia,France,2021-10-19 12:31:14,-20.904305,165.618042,10163,243,,,,3559.832008714811,,,2.3910262717701465,540,NCL,,,6467,217
Reunion,France,2021-10-19 12:31:14,-21.1151,55.5364,54024,370,,,,6034.124569421921,,,0.6848807937213091,638,REU,,,1381,12
Saint Barthelemy,France,2021-10-19 12:31:14,17.9,-62.8333,1659,6,,,,16783.00455235205,,,0.3616636528028933,652,BLM,,,34,4
Saint Pierre and Miquelon,France,2021-10-19 12:31:14,46.8852,-56.3159,32,0,,,,552.2001725625539,,,0.0,666,SPM,,,1,0
St Martin,France,2021-10-19 12:31:14,18.0708,-63.0501,3888,55,,,,10057.16650715228,,,1.4146090534979423,663,MAF,,,138,20
Wallis and Futuna,France,2021-10-19 12:31:14,-14.2938,-178.1165,454,7,,,,2969.4551638432863,,,1.5418502202643172,876,WLF,,,0,0
Baden-Wurttemberg,Germany,2021-10-19 12:31:14,48.6616,9.3501,598947,10841,,,,5410.770264653441,,,1.8100099007090775,27601,DEU,,,40390,279
Bayern,Germany,2021-10-19 12:31:14,48.7904,11.4979,764983,15891,,,,5849.960399093932,,,2.0773010642066554,27602,DEU,,,52950,344
Berlin,Germany,2021-10-19 12:31:14,52.52,13.405,214538,3665,,,,5886.097168973224,,,1.7083220688176453,27603,DEU,,,12320,46
Brandenburg,Germany,2021-10-19 12:31:14,52.4125,12.5316,119648,3873,,,,4763.21470812929,,,3.2369951858785773,27604,DEU,,,4889,35
Bremen,Germany,2021-10-19 12:31:14,53.0793,8.8017,34406,523,,,,5037.584957817583,,,1.5200837063302912,27605,DEU,,,2719,17
Hamburg,Germany,2021-10-19 12:31:14,53.5511,9.9937,94944,1763,,,,5156.695791120797,,,1.8568840579710144,27606,DEU,,,4901,65
Hessen,Germany,2021-10-19 12:31:14,50.6521,9.1624,342896,7804,,,,5472.49365564766,,,2.2759087303438945,27607,DEU,,,16086,105
Mecklenburg-Vorpommern,Germany,2021-10-19 12:31:14,53.6127,12.4296,50998,1219,,,,3168.2171866991785,,,2.3902898152868737,27608,DEU,,,3122,22
Niedersachsen,Germany,2021-10-19 12:31:14,52.6367,9.8451,309876,6031,,,,3881.967035676274,,,1.9462623759181088,27609,DEU,,,15246,111
Nordrhein-Westfalen,Germany,2021-10-19 12:31:14,51.4332,7.6616,983014,18036,,,,5481.699275807018,,,1.8347653237898949,27610,DEU,,,39444,377
Rheinland-Pfalz,Germany,2021-10-19 12:31:14,50.1183,7.309,186632,4046,,,,4568.889289284976,,,2.1679026104848043,27611,DEU,,,9671,80
Saarland,Germany,2021-10-19 12:31:14,49.3964,7.023,48720,1060,,,,4918.6832224644095,,,2.1756978653530377,27612,DEU,,,2084,14
Sachsen,Germany,2021-10-19 12:31:14,51.1045,13.2017,308055,10255,,,,7554.187325601156,,,3.328950999009917,27613,DEU,,,13926,58
Sachsen-Anhalt,Germany,2021-10-19 12:31:14,51.9503,11.6923,107404,3566,,,,4863.604521262987,,,3.320174295184537,27614,DEU,,,4543,43
Schleswig-Holstein,Germany,2021-10-19 12:31:14,54.2194,9.6961,78467,1704,,,,2708.8298733184383,,,2.171613544547389,27615,DEU,,,3517,23
Thuringen,Germany,2021-10-19 12:31:14,51.011,10.8453,141725,4443,,,,6612.944994389087,,,3.1349444346445576,27616,DEU,,,8347,43
Unknown,Germany,2021-10-19 12:31:14,,,4438,0,,,,,,,0.0,27617,DEU,,,-734,0
Andaman and Nicobar Islands,India,2021-10-19 12:31:14,11.225999,92.968178,7642,129,,,,1832.455711257541,,,1.688039780162261,35601,IND,,,42,0
Andhra Pradesh,India,2021-10-19 12:31:14,15.9129,79.74,2060804,14313,,,,3823.1433780059083,,,0.6945347543968277,35602,IND,,,21275,235
Arunachal Pradesh,India,2021-10-19 12:31:14,27.768456,96.384277,55014,280,,,,3503.054522948082,,,0.5089613552913804,35603,IND,,,888,8
Assam,India,2021-10-19 12:31:14,26.357149,92.830441,606766,5957,,,,1704.0619412358326,,,0.9817623268278052,35604,IND,,,8343,150
Bihar,India,2021-10-19 12:31:14,25.679658,85.60484,726028,9661,,,,581.7535500782268,,,1.3306649330328857,35605,IND,,,127,2
Chandigarh,India,2021-10-19 12:31:14,30.733839,76.76827800000002,65306,820,,,,5637.248343293282,,,1.2556273543012892,35606,IND,,,118,2
Chhattisgarh,India,2021-10-19 12:31:14,21.264705,82.035366,1005681,13570,,,,3416.4733929421873,,,1.3493344310969384,35607,IND,,,587,7
Dadra and Nagar Haveli and Daman and Diu,India,2021-10-19 12:31:14,20.194742,73.080901,10676,4,,,,1733.8937575926873,,,0.037467216185837385,35608,IND,,,6,0
Delhi,India,2021-10-19 12:31:14,28.646519,77.10898,1439405,25089,,,,7692.859817383664,,,1.7430118694877397,35609,IND,,,888,4
Goa,India,2021-10-19 12:31:14,15.359682,74.057396,177579,3350,,,,11194.893617021276,,,1.886484325286211,35610,IND,,,1996,55
Gujarat,India,2021-10-19 12:31:14,22.694884,71.590923,826308,10086,,,,1293.6855557906945,,,1.2206102325041026,35611,IND,,,571,4
Haryana,India,2021-10-19 12:31:14,29.20004,76.332824,771092,10049,,,,2733.91391758506,,,1.3032167367836782,35612,IND,,,346,241
Himachal Pradesh,India,2021-10-19 12:31:14,31.927213,77.233081,221604,3725,,,,2973.7699704305787,,,1.680926337069728,35613,IND,,,4464,72
Jammu and Kashmir,India,2021-10-19 12:31:14,33.75943,76.612638,331137,4428,,,,2433.699927680666,,,1.3372108825048243,35614,IND,,,3068,11
Jharkhand,India,2021-10-19 12:31:14,23.654536,85.557631,348444,5135,,,,902.8462182723572,,,1.4736944817531654,35615,IND,,,319,2
Karnataka,India,2021-10-19 12:31:14,14.70518,76.166436,2983673,37953,,,,4416.155094840368,,,1.272022771932447,35616,IND,,,15130,326
Kerala,India,2021-10-19 12:31:14,10.450898,76.405749,4860997,26925,,,,13616.450542379609,,,0.5538987166624461,35617,IND,,,336839,3242
Ladakh,India,2021-10-19 12:31:14,34.1526,77.5771,20881,208,,,,7612.7733886521155,,,0.996120875437,35618,IND,,,144,1
Lakshadweep,India,2021-10-19 12:31:14,13.6999972,72.18333259999999,10365,51,,,,16087.476136522373,,,0.492040520984081,35637,IND,,,6,0
Madhya Pradesh,India,2021-10-19 12:31:14,23.541513,78.289633,792690,10523,,,,928.6546527362416,,,1.3275050776469994,35619,IND,,,288,6
Maharashtra,India,2021-10-19 12:31:14,19.449759,76.108221,6593182,139816,,,,5354.032726326106,,,2.120614901878941,35620,IND,,,68684,1270
Manipur,India,2021-10-19 12:31:14,24.738975,93.882541,122804,1897,,,,3972.2533555228856,,,1.5447379564183576,35621,IND,,,4131,65
Meghalaya,India,2021-10-19 12:31:14,25.536934,91.278882,83014,1438,,,,2465.730639110586,,,1.73223793576987,35622,IND,,,3347,58
Mizoram,India,2021-10-19 12:31:14,23.309381,92.83822,113801,391,,,,9183.098727934128,,,0.34358221808244216,35623,IND,,,32341,128
Nagaland,India,2021-10-19 12:31:14,26.06702,94.470302,31627,675,,,,1405.8350131906768,,,2.134252379296171,35624,IND,,,720,21
Odisha,India,2021-10-19 12:31:14,20.505428,84.418059,1035417,8290,,,,2233.6041499744133,,,0.800643605426606,35625,IND,,,14663,149
Puducherry,India,2021-10-19 12:31:14,11.882658,78.86498,127424,1850,,,,9014.518139538832,,,1.4518458061275739,35626,IND,,,1907,18
Punjab,India,2021-10-19 12:31:14,30.841465000000003,75.40879,602059,16544,,,,1997.4504811044935,,,2.74790344467901,35627,IND,,,736,45
Rajasthan,India,2021-10-19 12:31:14,26.583423,73.847973,954392,8954,,,,1177.7864116048277,,,0.9381889202759454,35628,IND,,,129,0
Sikkim,India,2021-10-19 12:31:14,27.571671,88.472712,31756,391,,,,4600.645272516809,,,1.2312633832976445,35629,IND,,,785,11
Tamil Nadu,India,2021-10-19 12:31:14,11.006091,78.400624,2688284,35912,,,,3453.5460477538213,,,1.3358707636544354,35630,IND,,,41243,552
Telangana,India,2021-10-19 12:31:14,18.1124,79.0193,669163,3940,,,,1699.9912506073003,,,0.5887952561632965,35631,IND,,,5501,34
Tripura,India,2021-10-19 12:31:14,23.746783,91.743565,84343,816,,,,2022.7138319063245,,,0.9674780361144376,35632,IND,,,438,7
Unknown,India,2021-10-19 12:31:14,,,0,0,,,,,,,,35636,IND,,,0,0
Uttar Pradesh,India,2021-10-19 12:31:14,26.925425,80.560982,1710036,22898,,,,718.856739176836,,,1.3390361372509116,35633,IND,,,356,11
Uttarakhand,India,2021-10-19 12:31:14,30.156447,79.197608,343759,7397,,,,3055.402530189253,,,2.151798207465114,35634,IND,,,366,7
West Bengal,India,2021-10-19 12:31:14,23.814082,87.979803,1581220,18989,,,,1587.4220101710778,,,1.200908159522394,35635,IND,,,19047,325
Abruzzo,Italy,2021-10-19 12:31:14,42.35122196,13.39843823,81895,2553,,,,6243.995791335641,,,3.1174064350692965,38013,ITA,,,1208,17
Basilicata,Italy,2021-10-19 12:31:14,40.63947052,15.80514834,30542,623,,,,5426.1293480365775,,,2.03981402658634,38017,ITA,,,768,15
Calabria,Italy,2021-10-19 12:31:14,38.90597598,16.59440194,85649,1432,,,,4398.728180076225,,,1.6719401277306214,38018,ITA,,,3266,56
Campania,Italy,2021-10-19 12:31:14,40.83956555,14.25084984,461102,8012,,,,7947.715942176867,,,1.7375765015115958,38015,ITA,,,7734,136
Emilia-Romagna,Italy,2021-10-19 12:31:14,44.49436681,11.3417208,428076,13533,,,,9599.242242980508,,,3.1613545258318623,38008,ITA,,,7282,95
Friuli Venezia Giulia,Italy,2021-10-19 12:31:14,45.6494354,13.76813649,114925,3833,,,,9457.135333519856,,,3.335218620839678,38006,ITA,,,1898,18
Lazio,Italy,2021-10-19 12:31:14,41.89277044,12.48366722,389149,8722,,,,6619.213679958878,,,2.2413008898905047,38012,ITA,,,7583,119
Liguria,Italy,2021-10-19 12:31:14,44.41149315,8.9326992,113797,4418,,,,7338.711757725842,,,3.882351907343778,38007,ITA,,,1811,21
Lombardia,Italy,2021-10-19 12:31:14,45.46679409,9.190347404,888909,34119,,,,8835.569421784483,,,3.8383006584476025,38003,ITA,,,9120,136
Marche,Italy,2021-10-19 12:31:14,43.61675973,13.5188753,114941,3087,,,,7535.775609711323,,,2.685725720152078,38011,ITA,,,1810,22
Molise,Italy,2021-10-19 12:31:14,41.55774754,14.65916051,14565,498,,,,4765.768919922648,,,3.419155509783728,38014,ITA,,,104,2
P.A. Bolzano,Italy,2021-10-19 12:31:14,46.49933453,11.35662422,77803,1199,,,,14615.887495820169,,,1.541071681040577,38041,ITA,,,1433,9
P.A. Trento,Italy,2021-10-19 12:31:14,46.06893511,11.12123097,48818,1375,,,,9016.693201925314,,,2.8165840468679586,38042,ITA,,,702,7
Piemonte,Italy,2021-10-19 12:31:14,45.0732745,7.680687483,381892,11794,,,,8766.216922848791,,,3.088307689084872,38001,ITA,,,4892,46
Puglia,Italy,2021-10-19 12:31:14,41.12559576,16.86736689,270475,6816,,,,6713.115960499898,,,2.520011091598114,38016,ITA,,,3214,52
Sardegna,Italy,2021-10-19 12:31:14,39.21531192,9.110616306,75854,1662,,,,4626.39768088505,,,2.191051229994463,38020,ITA,,,1078,35
Sicilia,Italy,2021-10-19 12:31:14,38.11569725,13.362356699999998,303674,6942,,,,6073.612404750424,,,2.2860040701541786,38019,ITA,,,10015,242
Toscana,Italy,2021-10-19 12:31:14,43.76923077,11.25588885,286018,7235,,,,7668.78098991297,,,2.5295610765756003,38009,ITA,,,6462,125
Umbria,Italy,2021-10-19 12:31:14,43.10675841,12.38824698,64317,1456,,,,7292.05285624394,,,2.26378717912838,38010,ITA,,,1000,14
Valle d'Aosta,Italy,2021-10-19 12:31:14,45.73750286,7.320149366,12248,474,,,,9746.470803558641,,,3.8700195950359237,38002,ITA,,,165,1
Veneto,Italy,2021-10-19 12:31:14,45.43490485,12.33845213,474844,11802,,,,9679.130279865649,,,2.4854478523472974,38005,ITA,,,9432,63
Aichi,Japan,2021-10-19 12:31:14,35.035551,137.211621,106451,1153,,,,1409.5290151702031,,,1.0831274483095508,39201,JPN,,,2655,46
Akita,Japan,2021-10-19 12:31:14,39.748679,140.408228,1894,27,,,,195.9668491138036,,,1.4255543822597676,39202,JPN,,,62,1
Aomori,Japan,2021-10-19 12:31:14,40.781541,140.828896,5880,38,,,,471.76964162356165,,,0.6462585034013606,39203,JPN,,,405,5
Chiba,Japan,2021-10-19 12:31:14,35.510141,140.198917,100223,1017,,,,1601.1644600057962,,,1.0147371361863045,39204,JPN,,,1742,43
Ehime,Japan,2021-10-19 12:31:14,33.624835,132.856842,5326,82,,,,397.69566499777847,,,1.5396169733383402,39205,JPN,,,288,1
Fukui,Japan,2021-10-19 12:31:14,35.846614,136.22465400000002,3102,37,,,,403.93938565272936,,,1.1927788523533205,39206,JPN,,,155,1
Fukuoka,Japan,2021-10-19 12:31:14,33.526032,130.666949,74381,621,,,,1457.3996522900438,,,0.8348906306718114,39207,JPN,,,1132,23
Fukushima,Japan,2021-10-19 12:31:14,37.378867,140.223295,9480,175,,,,513.6766405547708,,,1.8459915611814344,39208,JPN,,,97,1
Gifu,Japan,2021-10-19 12:31:14,35.778671,137.055925,18697,217,,,,941.16190229776,,,1.1606140022463496,39209,JPN,,,657,9
Gunma,Japan,2021-10-19 12:31:14,36.504479,138.985605,16736,177,,,,861.5896576293104,,,1.0576003824091778,39210,JPN,,,344,6
Hiroshima,Japan,2021-10-19 12:31:14,34.605309000000005,132.788719,21968,199,,,,783.4027595262352,,,0.9058630735615442,39211,JPN,,,700,8
Hokkaido,Japan,2021-10-19 12:31:14,43.385711,142.552318,60626,1469,,,,1154.77017452599,,,2.42305281562366,39212,JPN,,,845,3
Hyogo,Japan,2021-10-19 12:31:14,35.039913,134.828057,78411,1392,,,,1434.4726399923895,,,1.775261124076979,39213,JPN,,,2328,14
Ibaraki,Japan,2021-10-19 12:31:14,36.303588,140.319591,24385,219,,,,852.5308646938948,,,0.8980930900143531,39214,JPN,,,588,6
Ishikawa,Japan,2021-10-19 12:31:14,36.769464,136.771027,7947,130,,,,698.5458608059253,,,1.6358374229268906,39215,JPN,,,181,6
Iwate,Japan,2021-10-19 12:31:14,39.593287,141.361777,3487,53,,,,284.23170222755493,,,1.5199311729280185,39216,JPN,,,22,2
Kagawa,Japan,2021-10-19 12:31:14,34.217292,133.969047,4697,38,,,,491.13972229745065,,,0.8090270385352353,39217,JPN,,,53,2
Kagoshima,Japan,2021-10-19 12:31:14,31.009484000000004,130.430665,9099,67,,,,567.8807544032759,,,0.7363446532585999,39218,JPN,,,79,2
Kanagawa,Japan,2021-10-19 12:31:14,35.415312,139.338983,168816,1297,,,,1835.3020372965866,,,0.7682921050137428,39219,JPN,,,2895,73
Kochi,Japan,2021-10-19 12:31:14,33.422519,133.367307,4151,32,,,,594.6744332971838,,,0.7708985786557456,39220,JPN,,,101,1
Kumamoto,Japan,2021-10-19 12:31:14,32.608154,130.74523100000002,14407,136,,,,824.4032989865339,,,0.9439855625737488,39221,JPN,,,293,4
Kyoto,Japan,2021-10-19 12:31:14,35.253815,135.443341,35884,290,,,,1389.2604483930627,,,0.808159625459815,39222,JPN,,,846,30
Mie,Japan,2021-10-19 12:31:14,34.508018,136.376013,14745,164,,,,827.9605274240516,,,1.1122414377755172,39223,JPN,,,283,8
Miyagi,Japan,2021-10-19 12:31:14,38.446859,140.927086,16304,118,,,,706.9132596098191,,,0.7237487733071639,39224,JPN,,,250,5
Miyazaki,Japan,2021-10-19 12:31:14,32.193203999999994,131.299374,6137,41,,,,571.7874109872254,,,0.6680788658953887,39225,JPN,,,72,2
Nagano,Japan,2021-10-19 12:31:14,36.132134,138.045528,8836,96,,,,431.27895001439873,,,1.0864644635581708,39226,JPN,,,214,1
Nagasaki,Japan,2021-10-19 12:31:14,33.235712,129.608033,6086,73,,,,458.79305613769515,,,1.1994742030890568,39227,JPN,,,182,2
Nara,Japan,2021-10-19 12:31:14,34.317451,135.871644,15559,150,,,,1169.7414449641126,,,0.9640722411466032,39228,JPN,,,409,4
Niigata,Japan,2021-10-19 12:31:14,37.521819,138.918647,7982,61,,,,359.0472069258056,,,0.7642194938611877,39229,JPN,,,346,3
Oita,Japan,2021-10-19 12:31:14,33.200697,131.43323999999998,8195,84,,,,721.7504496078152,,,1.0250152532031729,39230,JPN,,,242,7
Okayama,Japan,2021-10-19 12:31:14,34.89246,133.826252,15236,136,,,,806.3141873405074,,,0.8926227356261486,39231,JPN,,,248,1
Okinawa,Japan,2021-10-19 12:31:14,25.768923,126.668016,50196,366,,,,3454.2461711240544,,,0.7291417642840067,39232,JPN,,,1279,75
Osaka,Japan,2021-10-19 12:31:14,34.620965000000005,135.507481,201888,3027,,,,2291.7434552305317,,,1.4993461721350452,39233,JPN,,,5745,109
Port Quarantine,Japan,2021-10-19 12:31:14,,,4360,4,,,,,,,0.09174311926605504,39248,JPN,,,235,0
Saga,Japan,2021-10-19 12:31:14,33.286977,130.115738,5833,30,,,,715.9594015546617,,,0.5143151037202126,39234,JPN,,,147,1
Saitama,Japan,2021-10-19 12:31:14,35.997101,139.347635,115578,1028,,,,1572.5554795281923,,,0.8894426274896606,39235,JPN,,,2243,51
Shiga,Japan,2021-10-19 12:31:14,35.21582700000001,136.138064,12379,102,,,,875.4949810565207,,,0.8239760885370385,39236,JPN,,,322,3
Shimane,Japan,2021-10-19 12:31:14,35.07076,132.55406399999998,1675,5,,,,248.38880930560867,,,0.29850746268656714,39237,JPN,,,99,2
Shizuoka,Japan,2021-10-19 12:31:14,34.916975,138.40778400000002,26757,209,,,,734.3706429592416,,,0.7811040101655642,39238,JPN,,,455,9
Tochigi,Japan,2021-10-19 12:31:14,36.689912,139.819213,15444,116,,,,798.5563524113362,,,0.7511007511007511,39239,JPN,,,484,7
Tokushima,Japan,2021-10-19 12:31:14,33.919178,134.242091,3283,65,,,,450.9757863229195,,,1.9798964361864149,39240,JPN,,,85,1
Tokyo,Japan,2021-10-19 12:31:14,35.711343,139.446921,377332,3095,,,,2710.5892873062157,,,0.8202325803271391,39241,JPN,,,4936,294
Tottori,Japan,2021-10-19 12:31:14,35.359069,133.863619,1666,5,,,,299.8786805338057,,,0.3001200480192077,39242,JPN,,,29,0
Toyama,Japan,2021-10-19 12:31:14,36.637464,137.26934599999998,4861,51,,,,465.83523558172396,,,1.0491668380991566,39243,JPN,,,104,3
Unknown,Japan,2021-10-19 12:31:14,,,8,0,,,,,,,0.0,39249,JPN,,,0,0
Wakayama,Japan,2021-10-19 12:31:14,33.911879,135.505446,5286,62,,,,571.5008546564994,,,1.172909572455543,39244,JPN,,,129,3
Yamagata,Japan,2021-10-19 12:31:14,38.448396,140.102154,3572,57,,,,331.4570562678975,,,1.5957446808510638,39245,JPN,,,70,0
Yamaguchi,Japan,2021-10-19 12:31:14,34.201190000000004,131.573293,5697,92,,,,419.41021956275915,,,1.6148850272073019,39246,JPN,,,184,4
Yamanashi,Japan,2021-10-19 12:31:14,35.612364,138.61148899999998,5157,29,,,,635.9161286185687,,,0.5623424471592011,39247,JPN,,,157,0
Johor,Malaysia,2021-10-19 12:31:14,1.4854,103.7618,211288,3545,,,,5607.133379332307,,,1.6778047025860436,45801,MYS,,,30906,633
Kedah,Malaysia,2021-10-19 12:31:14,6.1184,100.3685,143772,1936,,,,6577.245070680268,,,1.3465765239406842,45802,MYS,,,17014,248
Kelantan,Malaysia,2021-10-19 12:31:14,6.1254,102.2381,132003,950,,,,6976.165310220907,,,0.7196806133193943,45803,MYS,,,28584,271
Melaka,Malaysia,2021-10-19 12:31:14,2.1896,102.2501,62599,884,,,,6711.590007505093,,,1.4121631335963831,45804,MYS,,,7448,68
Negeri Sembilan,Malaysia,2021-10-19 12:31:14,2.7258,101.9424,100533,1216,,,,8880.222595177105,,,1.2095530820725533,45805,MYS,,,4776,39
Pahang,Malaysia,2021-10-19 12:31:14,3.8126,103.3256,73107,633,,,,4359.131834714686,,,0.865854158972465,45806,MYS,,,15408,88
Perak,Malaysia,2021-10-19 12:31:14,4.5921,101.0901,112116,1019,,,,4459.133754921847,,,0.9088800884797889,45807,MYS,,,19948,274
Perlis,Malaysia,2021-10-19 12:31:14,6.4449,100.2048,4983,102,,,,1957.1877454831106,,,2.0469596628537032,45808,MYS,,,1732,48
Pulau Pinang,Malaysia,2021-10-19 12:31:14,5.4141,100.3288,140407,1530,,,,7898.683618361836,,,1.0896892605069548,45809,MYS,,,20453,376
Sabah,Malaysia,2021-10-19 12:31:14,5.9788,116.0753,210557,2413,,,,5392.398903885061,,,1.1460079693384688,45810,MYS,,,23724,477
Sarawak,Malaysia,2021-10-19 12:31:14,1.5533,110.3592,232224,1115,,,,8240.445690358752,,,0.4801398649579716,45811,MYS,,,48825,416
Selangor,Malaysia,2021-10-19 12:31:14,3.0738,101.5183,700127,9521,,,,10702.196609547686,,,1.359896133130132,45812,MYS,,,40451,1006
Terengganu,Malaysia,2021-10-19 12:31:14,5.3117,103.1324,65414,420,,,,5232.701383889289,,,0.6420643898859572,45813,MYS,,,16668,96
Unknown,Malaysia,2021-10-19 12:31:14,,,0,0,,,,,,,,45817,MYS,,,0,0
W.P. Kuala Lumpur,Malaysia,2021-10-19 12:31:14,3.139,101.6869,190318,2537,,,,10701.641925326136,,,1.333032083145052,45814,MYS,,,7148,207
W.P. Labuan,Malaysia,2021-10-19 12:31:14,5.2831,115.2308,10002,149,,,,10062.374245472836,,,1.4897020595880823,45815,MYS,,,81,1
W.P. Putrajaya,Malaysia,2021-10-19 12:31:14,2.9264,101.6964,6671,23,,,,6329.222011385199,,,0.3447758956678159,45816,MYS,,,780,1
Aguascalientes,Mexico,2021-10-19 12:31:14,21.8853,-102.2916,35128,2813,,,,2448.5670571260284,,,8.007856980186746,48401,MEX,,,2309,126
Baja California,Mexico,2021-10-19 12:31:14,30.8406,-115.2838,64703,9560,,,,1780.0646405866732,,,14.775203622706831,48402,MEX,,,5636,304
Baja California Sur,Mexico,2021-10-19 12:31:14,26.0444,-111.6661,55735,2344,,,,6926.114814317739,,,4.205615860769714,48403,MEX,,,992,82
Campeche,Mexico,2021-10-19 12:31:14,19.8301,-90.5349,23595,2017,,,,2358.045086181826,,,8.548421275694004,48404,MEX,,,1602,153
Chiapas,Mexico,2021-10-19 12:31:14,16.7569,-93.1292,22888,2252,,,,399.4159536378735,,,9.839217056973084,48405,MEX,,,1401,99
Chihuahua,Mexico,2021-10-19 12:31:14,28.633000000000006,-106.0691,67027,8010,,,,1763.1784614809942,,,11.950408044519373,48406,MEX,,,2615,158
Ciudad de Mexico,Mexico,2021-10-19 12:31:14,19.4326,-99.1332,963086,39640,,,,10678.832574072934,,,4.11593564852983,48407,MEX,,,31452,1030
Coahuila,Mexico,2021-10-19 12:31:14,27.0587,-101.7068,91515,7306,,,,2843.210965849779,,,7.983390700977981,48408,MEX,,,4699,272
Colima,Mexico,2021-10-19 12:31:14,19.1223,-104.0072,32740,1963,,,,4169.887907197705,,,5.995723885155772,48409,MEX,,,2614,145
Durango,Mexico,2021-10-19 12:31:14,24.5593,-104.6588,48205,3004,,,,2579.192250812736,,,6.231718701379526,48410,MEX,,,1800,104
Guanajuato,Mexico,2021-10-19 12:31:14,21.019,-101.2574,183397,12366,,,,2944.6346642475523,,,6.7427493361396325,48411,MEX,,,16925,529
Guerrero,Mexico,2021-10-19 12:31:14,17.4392,-99.5451,75726,6048,,,,2070.6865209316366,,,7.986688851913477,48412,MEX,,,2182,156
Hidalgo,Mexico,2021-10-19 12:31:14,20.0911,-98.7624,61394,7676,,,,1989.1693078115893,,,12.502850441411214,48413,MEX,,,2570,358
Jalisco,Mexico,2021-10-19 12:31:14,20.6595,-103.3494,158796,16698,,,,1888.2496661887656,,,10.515378221113881,48414,MEX,,,10407,1007
Mexico,Mexico,2021-10-19 12:31:14,19.4969,-99.7233,370671,43536,,,,2126.8961813287856,,,11.745186432173007,48415,MEX,,,16720,1518
Michoacan,Mexico,2021-10-19 12:31:14,19.5665,-101.7068,72369,7887,,,,1499.7510051496238,,,10.898312813497494,48416,MEX,,,3203,529
Morelos,Mexico,2021-10-19 12:31:14,18.6813,-99.1013,49583,4666,,,,2425.713947451589,,,9.41048343182139,48417,MEX,,,3422,318
Nayarit,Mexico,2021-10-19 12:31:14,21.7514,-104.8455,33589,2748,,,,2606.6860110929088,,,8.18124981392718,48418,MEX,,,1701,162
Nuevo Leon,Mexico,2021-10-19 12:31:14,25.5922,-99.9962,201644,12798,,,,3594.2691759030463,,,6.346829065085001,48419,MEX,,,9447,794
Oaxaca,Mexico,2021-10-19 12:31:14,17.0732,-96.7266,80158,5382,,,,1934.5046678088315,,,6.714239377229972,48420,MEX,,,6193,343
Puebla,Mexico,2021-10-19 12:31:14,19.0414,-98.2063,122654,14985,,,,1857.1414944255014,,,12.217294177116115,48421,MEX,,,7048,883
Queretaro,Mexico,2021-10-19 12:31:14,20.5888,-100.3899,95809,5431,,,,4202.818255713521,,,5.668569758582178,48422,MEX,,,4818,276
Quintana Roo,Mexico,2021-10-19 12:31:14,19.1817,-88.4791,58960,4013,,,,3421.4241736152253,,,6.806309362279513,48423,MEX,,,1865,87
San Luis Potosi,Mexico,2021-10-19 12:31:14,22.1565,-100.9855,101854,6516,,,,3553.696920808529,,,6.397392345906887,48424,MEX,,,5020,259
Sinaloa,Mexico,2021-10-19 12:31:14,25.1721,-107.4795,72841,8594,,,,2307.523678403281,,,11.7983004077374,48425,MEX,,,2130,246
Sonora,Mexico,2021-10-19 12:31:14,29.2972,-110.3309,110254,8344,,,,3585.793293427585,,,7.567979393037894,48426,MEX,,,4268,397
Tabasco,Mexico,2021-10-19 12:31:14,17.8409,-92.6189,140284,5366,,,,5453.6682726305435,,,3.82509765903453,48427,MEX,,,11575,306
Tamaulipas,Mexico,2021-10-19 12:31:14,24.2669,-98.8363,100204,6632,,,,2744.862354208977,,,6.6184982635423735,48428,MEX,,,6289,457
Tlaxcala,Mexico,2021-10-19 12:31:14,19.3139,-98.2404,28997,2924,,,,2101.2151352416754,,,10.083801772597166,48429,MEX,,,1412,117
Unknown,Mexico,2021-10-19 12:31:14,,,0,0,,,,,,,,48433,MEX,,,0,0
Veracruz,Mexico,2021-10-19 12:31:14,19.1738,-96.1342,121088,14214,,,,1417.9151841095324,,,11.738570295983086,48430,MEX,,,6696,1083
Yucatan,Mexico,2021-10-19 12:31:14,20.7099,-89.0943,72339,5418,,,,3202.1187217199076,,,7.489735827147182,48431,MEX,,,5140,285
Zacatecas,Mexico,2021-10-19 12:31:14,22.7709,-102.5832,41236,3326,,,,2474.5173203010518,,,8.065767775729945,48432,MEX,,,1274,129
Aruba,Netherlands,2021-10-19 12:31:14,12.5211,-69.9683,15732,170,,,,14735.028005170183,,,1.080600050851767,533,ABW,,,458,11
"Bonaire, Sint Eustatius and Saba",Netherlands,2021-10-19 12:31:14,12.1784,-68.2385,2341,19,,,,8927.958506540559,,,0.8116189662537378,535,BES,,,367,1
Curacao,Netherlands,2021-10-19 12:31:14,12.1696,-68.99,16936,172,,,,10320.536258379036,,,1.0155880963627777,531,CUW,,,850,14
Drenthe,Netherlands,2021-10-19 12:31:14,52.862485,6.618435000000002,40640,361,,,,8232.019802220862,,,0.8882874015748031,52801,NLD,,,1358,5
Flevoland,Netherlands,2021-10-19 12:31:14,52.550383,5.515162,45787,253,,,,10823.812529401614,,,0.5525585864983511,52802,NLD,,,1646,2
Friesland,Netherlands,2021-10-19 12:31:14,53.087337,5.7925,55865,490,,,,8595.183989094663,,,0.8771144723887944,52803,NLD,,,2626,2
Gelderland,Netherlands,2021-10-19 12:31:14,52.061738,5.939114,227492,2109,,,,10905.907710244532,,,0.9270655671408226,52804,NLD,,,8620,23
Groningen,Netherlands,2021-10-19 12:31:14,53.217922,6.741514,52107,269,,,,8894.013306797118,,,0.5162454180820235,52805,NLD,,,1563,1
Limburg,Netherlands,2021-10-19 12:31:14,51.209227,5.93387,136321,1707,,,,12202.011992470469,,,1.2521915185481327,52806,NLD,,,5444,16
Noord-Brabant,Netherlands,2021-10-19 12:31:14,51.561174,5.184942,318996,3181,,,,12446.414392761479,,,0.9971911873503116,52807,NLD,,,7003,12
Noord-Holland,Netherlands,2021-10-19 12:31:14,52.60090600000001,4.918688,350385,2742,,,,12168.14428202965,,,0.7825677469069737,52808,NLD,,,7930,20
Overijssel,Netherlands,2021-10-19 12:31:14,52.444558,6.441722,133339,1167,,,,11470.9490487833,,,0.8752128034558532,52809,NLD,,,4700,8
Sint Maarten,Netherlands,2021-10-19 12:31:14,18.0425,-63.0548,4448,73,,,,10372.650529359638,,,1.641187050359712,534,SXM,,,331,13
Unknown,Netherlands,2021-10-19 12:31:14,,,6674,16,,,,,,,0.239736290080911,52813,NLD,,,534,1
Utrecht,Netherlands,2021-10-19 12:31:14,52.084251,5.163824,159236,1307,,,,11753.174189605515,,,0.8207942927478711,52810,NLD,,,6014,4
Zeeland,Netherlands,2021-10-19 12:31:14,51.47936,3.861559,35340,259,,,,9215.412216288383,,,0.7328805885681947,52811,NLD,,,1347,5
Zuid-Holland,Netherlands,2021-10-19 12:31:14,51.937835,4.462114,488883,4389,,,,13182.072620673142,,,0.8977608139370771,52812,NLD,,,16039,28
Cook Islands,New Zealand,2021-10-19 12:31:14,-21.2367,-159.7777,1,0,,,,5.7277049086431076,,,0.0,184,COK,,,0,0
Azad Jammu and Kashmir,Pakistan,2021-10-19 12:31:14,34.027401,73.947253,34406,740,,,,850.504008784372,,,2.150787653316282,58601,PAK,,,585,7
Balochistan,Pakistan,2021-10-19 12:31:14,28.328492,65.898403,33133,354,,,,268.40493282464416,,,1.0684212114810008,58602,PAK,,,361,10
Gilgit-Baltistan,Pakistan,2021-10-19 12:31:14,35.792146,74.982138,10370,186,,,,1023.1021799870558,,,1.7936354869816784,58603,PAK,,,113,4
Islamabad,Pakistan,2021-10-19 12:31:14,33.665087,73.121219,106504,937,,,,5307.758704895713,,,0.8797791632239165,58604,PAK,,,2156,33
Khyber Pakhtunkhwa,Pakistan,2021-10-19 12:31:14,34.485332,72.09169,176950,5689,,,,579.7197170653268,,,3.2150324950551004,58605,PAK,,,5361,263
Punjab,Pakistan,2021-10-19 12:31:14,30.811346,72.13913199999998,438133,12861,,,,398.2576807085148,,,2.935410023896853,58606,PAK,,,14463,412
Sindh,Pakistan,2021-10-19 12:31:14,26.009446,68.77680699999999,466154,7533,,,,973.4651120009876,,,1.6159895656800114,58607,PAK,,,14706,244
Amazonas,Peru,2021-10-19 12:31:14,-5.077253,-78.050172,31694,1255,,,,7425.960637300844,,,3.9597400138827537,60401,PER,,,301,7
Ancash,Peru,2021-10-19 12:31:14,-9.407125,-77.67179499999997,77497,6660,,,,6564.204641707606,,,8.593881053460134,60402,PER,,,911,33
Apurimac,Peru,2021-10-19 12:31:14,-14.027713,-72.975378,26206,1505,,,,6084.513582540051,,,5.742959627566206,60403,PER,,,210,10
Arequipa,Peru,2021-10-19 12:31:14,-15.843524,-72.475539,115100,9669,,,,7686.656871911314,,,8.400521285838401,60404,PER,,,790,37
Ayacucho,Peru,2021-10-19 12:31:14,-14.091648,-74.08344,33911,2108,,,,5074.977551631248,,,6.216272006133702,60405,PER,,,417,14
Cajamarca,Peru,2021-10-19 12:31:14,-6.430284,-78.74559599999998,65876,4122,,,,4531.608997729931,,,6.257210516728399,60406,PER,,,473,26
Callao,Peru,2021-10-19 12:31:14,-11.954609,-77.136042,100996,9962,,,,8938.490131870078,,,9.863756980474474,60407,PER,,,805,31
Cusco,Peru,2021-10-19 12:31:14,-13.191068,-72.153609,73729,4768,,,,5432.834721096457,,,6.4669261755889815,60408,PER,,,798,30
Huancavelica,Peru,2021-10-19 12:31:14,-13.023888,-75.00277,16191,1154,,,,4432.247467834656,,,7.127416465937867,60409,PER,,,118,5
Huanuco,Peru,2021-10-19 12:31:14,-9.421676,-76.040642,35600,2693,,,,4682.362225437328,,,7.5646067415730345,60410,PER,,,163,9
Ica,Peru,2021-10-19 12:31:14,-14.235097,-75.574821,58989,8351,,,,6048.91304347826,,,14.156876705826509,60411,PER,,,673,38
Junin,Peru,2021-10-19 12:31:14,-11.541783,-74.876968,86357,7008,,,,6342.783694454645,,,8.115149900992392,60412,PER,,,1155,41
La Libertad,Peru,2021-10-19 12:31:14,-7.92139,-78.370238,88447,10177,,,,4385.511701705674,,,11.506325822243829,60413,PER,,,887,35
Lambayeque,Peru,2021-10-19 12:31:14,-6.353049,-79.824113,61626,8601,,,,4701.403722917303,,,13.956771492551846,60414,PER,,,590,21
Lima,Peru,2021-10-19 12:31:14,-11.766533,-76.60449799999998,954749,88576,,,,8982.913863668438,,,9.277412178488797,60415,PER,,,10118,295
Loreto,Peru,2021-10-19 12:31:14,-4.124847,-74.424115,45075,4172,,,,4386.4344102763735,,,9.255684969495286,60416,PER,,,163,4
Madre de Dios,Peru,2021-10-19 12:31:14,-11.972699,-70.53171999999998,13883,769,,,,7987.917146144994,,,5.539148599005978,60417,PER,,,60,4
Moquegua,Peru,2021-10-19 12:31:14,-16.860271,-70.839046,29633,1514,,,,15377.789309807993,,,5.109168832045356,60418,PER,,,161,9
Pasco,Peru,2021-10-19 12:31:14,-10.39655,-75.307635,15816,1046,,,,5816.844428098566,,,6.6135558927668185,60419,PER,,,104,7
Piura,Peru,2021-10-19 12:31:14,-5.133361,-80.335861,87956,11962,,,,4294.7265625,,,13.599981809086364,60420,PER,,,1089,55
Puno,Peru,2021-10-19 12:31:14,-14.995826999999998,-69.922726,40352,4143,,,,3259.4507269789983,,,10.267149088025377,60421,PER,,,789,53
San Martin,Peru,2021-10-19 12:31:14,-7.039531,-76.729127,48697,2999,,,,5413.183637172077,,,6.15849025607327,60422,PER,,,298,9
Tacna,Peru,2021-10-19 12:31:14,-17.644160999999997,-70.27756,29848,1949,,,,8045.283018867924,,,6.529750737067809,60423,PER,,,194,2
Tumbes,Peru,2021-10-19 12:31:14,-3.857496,-80.54525500000003,18830,1563,,,,7487.077534791252,,,8.300584174190123,60424,PER,,,188,5
Ucayali,Peru,2021-10-19 12:31:14,-9.621718,-73.444929,32107,3090,,,,5450.178237990154,,,9.624069517550689,60425,PER,,,58,0
Unknown,Peru,2021-10-19 12:31:14,,,1231,66,,,,,,,5.361494719740048,60426,PER,,,1231,66
Adygea Republic,Russia,2021-10-19 12:31:14,44.6939006,40.1520421,20702,504,,,,4566.187888198758,,,2.4345473867259204,64301,RUS,,,1492,102
Altai Krai,Russia,2021-10-19 12:31:14,52.6932243,82.69314240000001,83471,4632,,,,3551.836533224401,,,5.549232667633071,64302,RUS,,,7900,608
Altai Republic,Russia,2021-10-19 12:31:14,50.7114101,86.8572186,22278,384,,,,10216.313634133256,,,1.7236735793159168,64303,RUS,,,990,39
Amur Oblast,Russia,2021-10-19 12:31:14,52.8032368,128.437295,37941,473,,,,4751.986413234071,,,1.2466724651432488,64304,RUS,,,3505,41
Arkhangelsk Oblast,Russia,2021-10-19 12:31:14,63.5589686,43.1221646,95535,1232,,,,8271.228056809012,,,1.28957973517559,64305,RUS,,,8471,67
Astrakhan Oblast,Russia,2021-10-19 12:31:14,47.1878186,47.608851,63295,1844,,,,6220.553230717219,,,2.9133422861205465,64306,RUS,,,5364,229
Bashkortostan Republic,Russia,2021-10-19 12:31:14,54.8573563,57.1439682,78137,2195,,,,1922.9969386898754,,,2.8091685117166003,64307,RUS,,,14273,737
Belgorod Oblast,Russia,2021-10-19 12:31:14,50.7080119,37.5837615,58507,1250,,,,3774.947157062888,,,2.1364964875997745,64308,RUS,,,6099,143
Bryansk Oblast,Russia,2021-10-19 12:31:14,52.8873315,33.41585300000001,71059,1674,,,,5867.882429301178,,,2.3557888515177527,64309,RUS,,,7017,321
Buryatia Republic,Russia,2021-10-19 12:31:14,52.7182426,109.492143,61063,1922,,,,6202.368485471468,,,3.1475689042464334,64310,RUS,,,2947,101
Chechen Republic,Russia,2021-10-19 12:31:14,43.39761470000001,45.6985005,23990,668,,,,1669.472317309693,,,2.784493538974573,64311,RUS,,,1942,101
Chelyabinsk Oblast,Russia,2021-10-19 12:31:14,54.4223954,61.1865846,103653,3899,,,,2967.4186008961833,,,3.7615891484086337,64312,RUS,,,10911,707
Chukotka Autonomous Okrug,Russia,2021-10-19 12:31:14,66.0006475,169.4900869,2163,19,,,,4383.156358920321,,,0.8784096162736941,64313,RUS,,,427,5
Chuvashia Republic,Russia,2021-10-19 12:31:14,55.4259922,47.0849429,35953,2560,,,,2920.35606688885,,,7.120407198286652,64314,RUS,,,2656,331
Dagestan Republic,Russia,2021-10-19 12:31:14,43.05749160000001,47.1332224,54186,2671,,,,1768.5389627874415,,,4.929317535894881,64315,RUS,,,3351,231
Ingushetia Republic,Russia,2021-10-19 12:31:14,43.11542075,45.01713552,22766,350,,,,4664.75290087144,,,1.5373803039620486,64316,RUS,,,1821,39
Irkutsk Oblast,Russia,2021-10-19 12:31:14,56.6370122,104.719221,116465,5078,,,,4844.2410037455375,,,4.360108187008973,64317,RUS,,,10750,358
Ivanovo Oblast,Russia,2021-10-19 12:31:14,56.9167446,41.43521370000001,52688,1729,,,,5192.747027041944,,,3.2815821439416943,64318,RUS,,,4937,161
Jewish Autonomous Okrug,Russia,2021-10-19 12:31:14,48.57527615,132.66307460000002,8731,284,,,,5389.04045329416,,,3.2527774596266177,64319,RUS,,,1012,37
Kabardino-Balkarian Republic,Russia,2021-10-19 12:31:14,43.4806048,43.5978976,33654,869,,,,3886.915184078131,,,2.582159624413145,64320,RUS,,,2370,96
Kaliningrad Oblast,Russia,2021-10-19 12:31:14,54.7293041,21.1489473,60224,826,,,,6055.103614622577,,,1.3715462274176409,64321,RUS,,,7357,113
Kalmykia Republic,Russia,2021-10-19 12:31:14,46.2313018,45.3275745,31576,637,,,,11464.963527502332,,,2.0173549531289585,64322,RUS,,,1753,58
Kaluga Oblast,Russia,2021-10-19 12:31:14,54.4382773,35.5272854,50915,793,,,,5030.848095362312,,,1.5574977904350389,64323,RUS,,,3733,121
Kamchatka Krai,Russia,2021-10-19 12:31:14,57.1914882,160.03838190000005,20494,406,,,,6494.547736225151,,,1.981067629550112,64324,RUS,,,1135,98
Karachay-Cherkess Republic,Russia,2021-10-19 12:31:14,43.7368326,41.7267991,26591,715,,,,5702.490858987144,,,2.6888796961377914,64325,RUS,,,1567,155
Karelia Republic,Russia,2021-10-19 12:31:14,62.61940309999999,33.4920267,70536,936,,,,11331.37558555722,,,1.3269819666553249,64326,RUS,,,6403,103
Kemerovo Oblast,Russia,2021-10-19 12:31:14,54.53357809999999,87.342861,60143,1400,,,,2231.7530633123515,,,2.327785444690155,64327,RUS,,,4847,153
Khabarovsk Krai,Russia,2021-10-19 12:31:14,51.6312684,136.121524,89667,868,,,,6750.498004218921,,,0.9680261411667614,64328,RUS,,,8192,104
Khakassia Republic,Russia,2021-10-19 12:31:14,53.72258845,91.44293627,41511,1230,,,,7722.789960428863,,,2.9630700296307,64329,RUS,,,3736,175
Khanty-Mansi Autonomous Okrug,Russia,2021-10-19 12:31:14,61.0259025,69.0982628,79109,1214,,,,5162.953917883781,,,1.5345915129757677,64330,RUS,,,5394,117
Kirov Oblast,Russia,2021-10-19 12:31:14,57.9665589,49.4074599,60832,569,,,,4740.507996178418,,,0.9353629668595476,64331,RUS,,,4303,51
Komi Republic,Russia,2021-10-19 12:31:14,63.9881421,54.3326073,75145,1891,,,,8936.545709042864,,,2.5164681615543283,64332,RUS,,,7024,258
Kostroma Oblast,Russia,2021-10-19 12:31:14,58.424756,44.2533273,36434,848,,,,5663.398225466483,,,2.327496294669814,64333,RUS,,,3601,101
Krasnodar Krai,Russia,2021-10-19 12:31:14,45.7684014,39.0261044,78349,6895,,,,1398.2353634030646,,,8.800367586057257,64334,RUS,,,6398,958
Krasnoyarsk Krai,Russia,2021-10-19 12:31:14,63.3233807,97.0979974,124024,6256,,,,4311.633212202203,,,5.0441849964523,64335,RUS,,,11025,624
Kurgan Oblast,Russia,2021-10-19 12:31:14,55.7655302,64.5632681,36392,770,,,,4304.010350818474,,,2.115849637282919,64336,RUS,,,4045,95
Kursk Oblast,Russia,2021-10-19 12:31:14,51.6568453,36.4852695,62359,1544,,,,5591.546908863318,,,2.475985824018987,64337,RUS,,,6399,147
Leningrad Oblast,Russia,2021-10-19 12:31:14,60.1853296,32.3925325,74301,2509,,,,4096.39125468074,,,3.3768051574003035,64338,RUS,,,7109,65
Lipetsk Oblast,Russia,2021-10-19 12:31:14,52.6935178,39.1122664,58267,1880,,,,5065.810236645595,,,3.226526164037963,64339,RUS,,,7105,297
Magadan Oblast,Russia,2021-10-19 12:31:14,62.48858785,153.9903764,11400,272,,,,7911.666932702251,,,2.3859649122807016,64340,RUS,,,547,22
Mari El Republic,Russia,2021-10-19 12:31:14,56.5767504,47.8817512,21068,655,,,,3087.641957812388,,,3.1089804442756788,64341,RUS,,,1859,92
Mordovia Republic,Russia,2021-10-19 12:31:14,54.4419829,44.4661144,30029,642,,,,3730.051077192146,,,2.1379333311132567,64342,RUS,,,2511,103
Moscow,Russia,2021-10-19 12:31:14,55.7504461,37.6174943,1731937,30305,,,,13848.330319959241,,,1.7497749629461117,64343,RUS,,,121988,1837
Moscow Oblast,Russia,2021-10-19 12:31:14,55.50431579999999,38.0353929,486007,8364,,,,6477.169970619927,,,1.7209628667899846,64344,RUS,,,45466,284
Murmansk Oblast,Russia,2021-10-19 12:31:14,68.00004179999999,33.9999151,76047,2221,,,,10091.738249395865,,,2.9205622838507765,64345,RUS,,,4819,213
Nenets Autonomous Okrug,Russia,2021-10-19 12:31:14,68.27557185,57.1686375,2560,53,,,,5818.578539445872,,,2.0703125,64346,RUS,,,377,9
Nizhny Novgorod Oblast,Russia,2021-10-19 12:31:14,55.47180329999999,44.0911594,181952,7245,,,,5624.913440041154,,,3.9818193809356313,64347,RUS,,,16816,884
North Ossetia - Alania Republic,Russia,2021-10-19 12:31:14,42.79336110000001,44.6324493,24395,669,,,,3476.2349219468056,,,2.7423652387784383,64348,RUS,,,2055,106
Novgorod Oblast,Russia,2021-10-19 12:31:14,58.2843833,32.5169757,47604,477,,,,7849.280103417118,,,1.002016637257373,64349,RUS,,,4434,56
Novosibirsk Oblast,Russia,2021-10-19 12:31:14,54.9720169,79.48139240000002,67299,3217,,,,2413.146068503529,,,4.780160180686192,64350,RUS,,,5184,340
Omsk Oblast,Russia,2021-10-19 12:31:14,56.09352629999999,73.5099936,91709,2353,,,,4678.837252133968,,,2.5657241928273127,64351,RUS,,,10521,227
Orel Oblast,Russia,2021-10-19 12:31:14,52.96854329999999,36.0692477,49840,1036,,,,6669.816004614271,,,2.0786516853932584,64352,RUS,,,4691,43
Orenburg Oblast,Russia,2021-10-19 12:31:14,52.02692620000001,54.7276647,84491,2329,,,,4272.14165807091,,,2.7565066101714977,64353,RUS,,,10185,510
Penza Oblast,Russia,2021-10-19 12:31:14,53.1655415,44.78791810000001,75986,3197,,,,5706.132594403206,,,4.207353986260627,64354,RUS,,,7496,668
Perm Krai,Russia,2021-10-19 12:31:14,58.5951603,56.3159546,111964,5419,,,,4268.348936877506,,,4.8399485548926435,64355,RUS,,,14503,808
Primorsky Krai,Russia,2021-10-19 12:31:14,45.0819456,134.726645,73107,1221,,,,3821.515213767429,,,1.6701547047478351,64356,RUS,,,6101,104
Pskov Oblast,Russia,2021-10-19 12:31:14,57.5358729,28.8586826,54413,856,,,,8548.16462596576,,,1.5731534743535551,64357,RUS,,,5351,108
Rostov Oblast,Russia,2021-10-19 12:31:14,47.6222451,40.7957942,148821,7358,,,,3526.1862947380987,,,4.944194703704452,64358,RUS,,,14404,794
Ryazan Oblast,Russia,2021-10-19 12:31:14,54.42267320000001,40.57052460000001,45378,1279,,,,4046.281946795021,,,2.8185464321918112,64359,RUS,,,4173,219
Saint Petersburg,Russia,2021-10-19 12:31:14,59.9606739,30.158655100000004,669956,23032,,,,12518.01451250809,,,3.4378377087450516,64360,RUS,,,63201,1642
Sakha (Yakutiya) Republic,Russia,2021-10-19 12:31:14,66.941626,129.642371,58694,1356,,,,6086.5056567772435,,,2.3102872525300717,64361,RUS,,,6245,196
Sakhalin Oblast,Russia,2021-10-19 12:31:14,49.7219665,143.448533,34025,338,,,,6941.3135148037145,,,0.9933872152828802,64362,RUS,,,1650,59
Samara Oblast,Russia,2021-10-19 12:31:14,53.2128813,50.8914633,118915,4318,,,,3723.641105064829,,,3.631165117941386,64363,RUS,,,18420,628
Saratov Oblast,Russia,2021-10-19 12:31:14,51.6520555,46.86319520000001,95587,3523,,,,3880.996366146288,,,3.685647629907833,64364,RUS,,,9354,779
Smolensk Oblast,Russia,2021-10-19 12:31:14,55.03434960000001,33.0192065,55324,1846,,,,5827.578506511838,,,3.3367073964283134,64365,RUS,,,6610,205
Stavropol Krai,Russia,2021-10-19 12:31:14,44.86325770000001,43.4406913,92800,3618,,,,3313.488110362005,,,3.8987068965517233,64366,RUS,,,10088,831
Sverdlovsk Oblast,Russia,2021-10-19 12:31:14,58.6414755,61.8021546,149502,7086,,,,3456.4890494342994,,,4.739735923265242,64367,RUS,,,15161,1146
Tambov Oblast,Russia,2021-10-19 12:31:14,52.9019574,41.3578918,46185,1015,,,,4468.57052185086,,,2.1976832304860885,64368,RUS,,,3618,150
Tatarstan Republic,Russia,2021-10-19 12:31:14,55.7648572,52.43104273,28848,866,,,,740.7780223527611,,,3.001941209095951,64369,RUS,,,2230,141
Tomsk Oblast,Russia,2021-10-19 12:31:14,58.6124279,82.04753149999998,45751,580,,,,4242.961011982045,,,1.2677318528556754,64370,RUS,,,2856,24
Tula Oblast,Russia,2021-10-19 12:31:14,53.9570701,37.3690909,57513,3257,,,,3855.133374222026,,,5.663067480395736,64371,RUS,,,3869,327
Tver Oblast,Russia,2021-10-19 12:31:14,57.1134475,35.174442799999994,72114,1755,,,,5616.910706900138,,,2.43364672601714,64372,RUS,,,7236,141
Tyumen Oblast,Russia,2021-10-19 12:31:14,58.8206488,70.36588370000001,66854,2186,,,,1810.5839020691146,,,3.2698118287611813,64373,RUS,,,7079,309
Tyva Republic,Russia,2021-10-19 12:31:14,51.4017149,93.8582593,27761,282,,,,8628.878348387738,,,1.0158135513850366,64374,RUS,,,1615,4
Udmurt Republic,Russia,2021-10-19 12:31:14,57.1961165,52.69598320000001,59051,2374,,,,3902.7946312202416,,,4.0202536790232175,64375,RUS,,,7797,525
Ulyanovsk Oblast,Russia,2021-10-19 12:31:14,54.1463177,47.2324921,89692,2837,,,,7194.826322097066,,,3.1630468715158533,64376,RUS,,,9360,323
Vladimir Oblast,Russia,2021-10-19 12:31:14,56.0503336,40.6561633,59073,2133,,,,4285.816893836558,,,3.6107866538012283,64377,RUS,,,6325,221
Volgograd Oblast,Russia,2021-10-19 12:31:14,49.6048339,44.29035820000001,99114,3220,,,,3931.104726336982,,,3.2487842282624046,64378,RUS,,,10116,596
Vologda Oblast,Russia,2021-10-19 12:31:14,60.0391461,43.1215213,74173,2080,,,,6303.53474877389,,,2.8042549175576017,64379,RUS,,,7597,292
Voronezh Oblast,Russia,2021-10-19 12:31:14,50.9800393,40.15065070000001,145286,4726,,,,6225.383157194717,,,3.2528942912599974,64380,RUS,,,16602,333
Yamalo-Nenets Autonomous Okrug,Russia,2021-10-19 12:31:14,67.1471631,74.3415488,52582,725,,,,9763.678936100285,,,1.3787988284964436,64381,RUS,,,2957,52
Yaroslavl Oblast,Russia,2021-10-19 12:31:14,57.77819760000001,39.0021095,65790,1309,,,,5197.979906516951,,,1.9896640826873384,64382,RUS,,,5986,160
Zabaykalsky Krai,Russia,2021-10-19 12:31:14,52.248521,115.956325,73095,1260,,,,6813.440640712301,,,1.7237841165606402,64383,RUS,,,5704,127
Andalusia,Spain,2021-10-19 12:31:14,37.5443,-4.7278,805411,11233,,,,9557.046326834892,,,1.3946916543230723,72401,ESP,,,7363,191
Aragon,Spain,2021-10-19 12:31:14,41.5976,-0.9057,161950,3865,,,,12263.495145336994,,,2.3865390552639703,72402,ESP,,,1972,74
Asturias,Spain,2021-10-19 12:31:14,43.3614,-5.8593,71121,2070,,,,6957.6063509765645,,,2.910532754038892,72403,ESP,,,370,6
Baleares,Spain,2021-10-19 12:31:14,39.710358,2.995148,100104,970,,,,8424.702496170743,,,0.9689922480620154,72404,ESP,,,1555,22
C. Valenciana,Spain,2021-10-19 12:31:14,39.484,-0.7533,512660,7793,,,,10304.787828828685,,,1.5201107946787344,72411,ESP,,,4411,62
Canarias,Spain,2021-10-19 12:31:14,28.2916,-16.6291,96212,1004,,,,4359.597462686364,,,1.0435288737371635,72405,ESP,,,1873,25
Cantabria,Spain,2021-10-19 12:31:14,43.1828,-3.9878,46578,609,,,,8008.032446130861,,,1.3074842200180343,72406,ESP,,,807,7
Castilla - La Mancha,Spain,2021-10-19 12:31:14,39.2796,-3.0977,239478,6485,,,,11768.672013099564,,,2.7079731749889344,72407,ESP,,,3194,94
Castilla y Leon,Spain,2021-10-19 12:31:14,41.8357,-4.3976,300350,7332,,,,12474.389809833565,,,2.441151989345763,72408,ESP,,,1780,49
Catalonia,Spain,2021-10-19 12:31:14,41.5912,1.5209,924927,15818,,,,12224.08556953734,,,1.7101890203226848,72409,ESP,,,14443,253
Ceuta,Spain,2021-10-19 12:31:14,35.8894,-5.3213,7578,128,,,,8933.265746383902,,,1.6891000263921878,72410,ESP,,,90,1
Extremadura,Spain,2021-10-19 12:31:14,39.4937,-6.0679,102984,2000,,,,9666.010902701648,,,1.9420492503689892,72412,ESP,,,927,37
Galicia,Spain,2021-10-19 12:31:14,42.5751,-8.1339,187071,2643,,,,6927.424076289762,,,1.4128325608993375,72413,ESP,,,1085,28
La Rioja,Spain,2021-10-19 12:31:14,42.2871,-2.5396,39581,823,,,,12622.65962094709,,,2.0792804628483363,72419,ESP,,,216,1
Madrid,Spain,2021-10-19 12:31:14,40.4168,-3.7038,895061,16166,,,,13476.487540970626,,,1.8061338836124017,72414,ESP,,,7688,127
Melilla,Spain,2021-10-19 12:31:14,35.2923,-2.9381,11047,109,,,,13044.197003152713,,,0.9866932198787,72415,ESP,,,140,3
Murcia,Spain,2021-10-19 12:31:14,37.9922,-1.1307,141737,1744,,,,9527.493793957368,,,1.230447942315697,72416,ESP,,,1737,22
Navarra,Spain,2021-10-19 12:31:14,42.6954,-1.6761,82931,1250,,,,12759.67541918867,,,1.5072771340029665,72417,ESP,,,575,12
Pais Vasco,Spain,2021-10-19 12:31:14,42.9896,-2.6189,262097,4988,,,,12034.50144176906,,,1.903112206549484,72418,ESP,,,3118,115
Unknown,Spain,2021-10-19 12:31:14,,,0,0,,,,,,,,72420,ESP,,,0,0
Blekinge,Sweden,2021-10-19 12:31:14,56.2784,15.018,13444,130,,,,8423.242234001227,,,0.9669741148467718,75201,SWE,,,104,0
Dalarna,Sweden,2021-10-19 12:31:14,61.0917,14.6664,28628,355,,,,9941.451421348354,,,1.2400447114712871,75202,SWE,,,393,10
Gavleborg,Sweden,2021-10-19 12:31:14,61.3012,16.1534,37306,562,,,,12981.327988530946,,,1.5064600868493003,75203,SWE,,,456,1
Gotland,Sweden,2021-10-19 12:31:14,57.4684,18.4867,4571,54,,,,7658.412358006903,,,1.1813607525705534,75204,SWE,,,20,1
Halland,Sweden,2021-10-19 12:31:14,56.8967,12.8034,43191,328,,,,12937.324770554265,,,0.7594174712324326,75205,SWE,,,390,5
Jamtland Harjedalen,Sweden,2021-10-19 12:31:14,63.1712,14.9592,13168,128,,,,10066.508676706673,,,0.9720534629404616,75206,SWE,,,125,2
Jonkoping,Sweden,2021-10-19 12:31:14,57.3708,14.3439,45581,561,,,,12536.063080481521,,,1.2307759812202452,75207,SWE,,,492,0
Kalmar,Sweden,2021-10-19 12:31:14,57.235,16.1849,25447,250,,,,10367.657244363323,,,0.9824340786733209,75208,SWE,,,250,3
Kronoberg,Sweden,2021-10-19 12:31:14,56.7183,14.4115,23562,324,,,,11695.09949421499,,,1.3750954927425516,75209,SWE,,,239,0
Norrbotten,Sweden,2021-10-19 12:31:14,66.8309,20.3992,27782,291,,,,11108.667575661853,,,1.047440789000072,75210,SWE,,,547,16
Orebro,Sweden,2021-10-19 12:31:14,59.535,15.0066,34220,352,,,,11226.849953248799,,,1.0286382232612508,75211,SWE,,,635,7
Ostergotland,Sweden,2021-10-19 12:31:14,58.3454,15.5198,44671,657,,,,9596.451089700213,,,1.4707528374112957,75212,SWE,,,499,11
Skane,Sweden,2021-10-19 12:31:14,55.9903,13.5958,165296,1785,,,,11996.86172502063,,,1.0798809408576129,75213,SWE,,,1645,16
Sormland,Sweden,2021-10-19 12:31:14,59.0336,16.7519,27353,482,,,,9193.049673993411,,,1.7621467480715096,75214,SWE,,,477,1
Stockholm,Sweden,2021-10-19 12:31:14,59.6025,18.1384,277200,4459,,,,11661.361139986397,,,1.6085858585858586,75215,SWE,,,5134,56
Uppsala,Sweden,2021-10-19 12:31:14,60.0092,17.2715,42584,547,,,,11097.877840990532,,,1.2845200075145595,75216,SWE,,,648,5
Varmland,Sweden,2021-10-19 12:31:14,59.7294,13.2354,21505,223,,,,7614.707486172781,,,1.0369681469425716,75217,SWE,,,172,3
Vasterbotten,Sweden,2021-10-19 12:31:14,65.3337,16.5162,25944,196,,,,9547.501987222891,,,0.7554733271662041,75218,SWE,,,938,10
Vasternorrland,Sweden,2021-10-19 12:31:14,63.4276,17.7292,27625,481,,,,11259.562986301034,,,1.741176470588235,75219,SWE,,,192,0
Vastmanland,Sweden,2021-10-19 12:31:14,59.6714,16.2159,30019,363,,,,10882.560858453116,,,1.209234151703921,75220,SWE,,,876,8
Vastra Gotaland,Sweden,2021-10-19 12:31:14,58.2528,13.0596,202836,2428,,,,11752.606350032243,,,1.1970261689246484,75221,SWE,,,2719,26
Alabama,US,2021-10-19 12:31:14,32.3182,-86.9023,814363,15179,,,1,16608.857303976903,5939522,,1.8639108112721232,84000001,USA,121135.99629628494,,42052,1969
Alaska,US,2021-10-19 12:31:14,61.3707,-152.4044,127767,617,,,2,17465.364400002734,3197451,,0.4829102976511932,84000002,USA,437081.92934132565,,25296,143
American Samoa,US,2021-10-19 12:31:14,-14.271,-170.132,3,0,,,60,5.3917075537822825,2140,,0.0,16,ASM,3846.084721698028,,3,0
Arizona,US,2021-10-19 12:31:14,33.7298,-111.4312,1131976,20500,,,4,15551.861681117703,13221102,,1.8109924592040818,84000004,USA,181640.55560890745,,63153,987
Arkansas,US,2021-10-19 12:31:14,34.9697,-92.3731,507098,8202,,,5,16803.54323872591,4023098,,1.6174388382521725,84000005,USA,133312.10376817052,,21646,720
California,US,2021-10-19 12:31:14,36.1162,-119.6816,4825708,70829,,,6,12213.202987845052,98640328,,1.4677431788247444,84000006,USA,249645.0984294151,,174536,2805
Colorado,US,2021-10-19 12:31:14,39.0598,-105.3111,710142,7917,,,8,12331.560259056849,11705206,,1.1148474530446024,84000008,USA,203259.9862191981,,56677,512
Connecticut,US,2021-10-19 12:31:14,41.5978,-72.7554,398270,8718,,,9,11170.769702411057,10401565,,2.1889672835011424,84000009,USA,291745.5172613032,,12482,256
Delaware,US,2021-10-19 12:31:14,39.3185,-75.5071,140462,2032,,,10,14424.644985848729,2319528,,1.4466546112115732,84000010,USA,238202.27488385275,,11770,112
Diamond Princess,US,2021-10-19 12:31:14,,,49,0,,,88888,,,,0.0,84088888,USA,,,0,0
District of Columbia,US,2021-10-19 12:31:14,38.8974,-77.0268,63305,1184,,,11,8969.90289748905,2145543,,1.8703104020219568,84000011,USA,304009.357434442,,3742,14
Florida,US,2021-10-19 12:31:14,27.7663,-81.6868,3664097,58142,,,12,17059.977035755677,41146265,,1.5868029694628718,84000012,USA,191576.35182887284,,135399,6258
Georgia,US,2021-10-19 12:31:14,33.0406,-83.6431,1619015,27940,,,13,15248.662505016518,12121730,,1.72574065095135,84000013,USA,114168.2873518367,,82548,3168
Grand Princess,US,2021-10-19 12:31:14,,,103,3,,,99999,,,,2.9126213592233015,84099999,USA,,,0,0
Guam,US,2021-10-19 12:31:14,13.4443,144.7937,17154,226,,,66,10445.171072100542,240770,,1.317476973300688,316,GUM,146606.26320564578,,3331,42
Hawaii,US,2021-10-19 12:31:14,21.0943,-157.4983,82511,876,,,15,5827.574809022284,2477127,,1.0616766249348573,84000015,USA,174954.16252316593,,6600,162
Idaho,US,2021-10-19 12:31:14,44.2405,-114.4788,278457,3298,,,16,15581.805922000598,992842,,1.1843839443792041,84000016,USA,55557.12858793609,,34892,649
Illinois,US,2021-10-19 12:31:14,40.3495,-88.9861,1671275,27903,,,17,13188.909470864526,34016737,,1.6695636564898058,84000017,USA,268443.9513468506,,72518,831
Indiana,US,2021-10-19 12:31:14,39.8494,-86.2583,1000163,16309,,,18,14856.364595388235,14131535,,1.6306342066243202,84000018,USA,209909.0210820533,,65577,1152
Iowa,US,2021-10-19 12:31:14,42.0115,-93.2105,469519,6748,,,19,14881.413090676277,1690447,,1.4372155333436984,84000019,USA,53578.74785662442,,35280,347
Kansas,US,2021-10-19 12:31:14,38.5266,-96.7265,425565,6174,,,20,14607.591217424555,1797099,,1.4507772020725391,84000020,USA,61685.729722233846,,25272,255
Kentucky,US,2021-10-19 12:31:14,37.6681,-84.6701,727125,9396,,,21,16275.251120661696,7178405,,1.292212480660134,84000021,USA,160674.36000799524,,68894,1057
Louisiana,US,2021-10-19 12:31:14,31.1695,-91.8678,752951,14350,,,22,16196.695314956953,9544630,,1.90583450981538,84000022,USA,205314.10942278797,,24120,877
Maine,US,2021-10-19 12:31:14,44.6939,-69.3819,97724,1095,,,23,7269.984198921004,2843382,,1.1205026400884122,84000023,USA,211527.79472285626,,13814,111
Maryland,US,2021-10-19 12:31:14,39.0639,-76.8021,551264,10722,,,24,9118.312580222571,13674554,,1.9449846171707204,84000024,USA,226187.1948234111,,31028,459
Massachusetts,US,2021-10-19 12:31:14,42.2302,-71.5301,836302,18838,,,25,12133.502154442298,30087750,,2.2525355672950687,84000025,USA,436528.6456893816,,40759,383
Michigan,US,2021-10-19 12:31:14,43.3266,-84.5361,1229056,23017,,,26,12306.734741470715,17006913,,1.8727381014372009,84000026,USA,170292.9460189527,,111210,983
Minnesota,US,2021-10-19 12:31:14,45.6945,-93.9002,758252,8560,,,27,13445.061663597908,11720798,,1.1289122877354758,84000027,USA,207829.12785798789,,74182,474
Mississippi,US,2021-10-19 12:31:14,32.7416,-89.6787,498560,9939,,,28,16751.849453773986,2536126,,1.9935413992297817,84000028,USA,85215.02115653483,,22460,669
Missouri,US,2021-10-19 12:31:14,38.4561,-92.2884,848065,12402,,,29,13817.921774398003,7305868,,1.4623879065873489,84000029,USA,119037.94227810086,,39457,787
Montana,US,2021-10-19 12:31:14,46.9219,-110.4544,165941,2183,,,30,15526.236505616696,1966410,,1.3155278080763644,84000030,USA,183986.7587094794,,24602,296
Nebraska,US,2021-10-19 12:31:14,41.1254,-98.2681,276817,2445,,,31,14310.16621105785,3826745,,0.8832550024023091,84000031,USA,197825.12272488532,,19030,74
Nevada,US,2021-10-19 12:31:14,38.3135,-117.0554,431999,7450,,,32,14025.2311895891,4452440,,1.7245410290301595,84000032,USA,144552.41877359455,,19682,570
New Hampshire,US,2021-10-19 12:31:14,43.4525,-71.5639,129663,1524,,,33,9536.070532635244,2561446,,1.175354573008491,84000033,USA,188381.64874741767,,14262,66
New Jersey,US,2021-10-19 12:31:14,40.2989,-74.521,1182051,27737,,,34,13308.103069175508,15927843,,2.3465146596889643,84000034,USA,179323.37632948632,,47200,535
New Mexico,US,2021-10-19 12:31:14,34.8405,-106.2485,265632,4942,,,35,12668.271947784011,4752533,,1.8604686182387664,84000035,USA,226653.34178418934,,19403,253
New York,US,2021-10-19 12:31:14,42.1657,-74.9481,2511182,56008,,,36,12908.59807106781,73608158,,2.230344116834224,84000036,USA,378378.8376842677,,134080,1081
North Carolina,US,2021-10-19 12:31:14,35.6301,-79.8064,1453814,17536,,,37,13861.57853045418,16457701,,1.2062065711294567,84000037,USA,156918.08913811142,,107498,1760
North Dakota,US,2021-10-19 12:31:14,47.5289,-99.784,141683,1714,,,38,18592.056814274954,1829673,,1.2097428767036271,84000038,USA,240095.0316378457,,15665,96
Northern Mariana Islands,US,2021-10-19 12:31:14,15.0979,145.6739,289,3,,,69,524.0824024372552,17542,,1.038062283737024,580,MNP,31811.25779776585,,26,1
Ohio,US,2021-10-19 12:31:14,40.3888,-82.7649,1499485,23327,,,39,12828.062040704588,16851601,,1.555667445823066,84000039,USA,144165.08542146106,,147381,763
Oklahoma,US,2021-10-19 12:31:14,35.5653,-96.9289,635443,9402,,,40,16058.82378213032,4592848,,1.4795976979839265,84000040,USA,116069.79176749085,,37371,962
Oregon,US,2021-10-19 12:31:14,44.572,-122.0709,352026,4185,,,41,8346.324106979644,7317929,,1.1888326430434115,84000041,USA,173503.6821878652,,38865,591
Pennsylvania,US,2021-10-19 12:31:14,40.5908,-77.2098,1513332,30523,,,42,11821.069366642949,18128572,,2.016940103030928,84000042,USA,141607.46427762124,,130399,1659
Puerto Rico,US,2021-10-19 12:31:14,18.2208,-66.5901,183935,3209,,,72,5759.318206440566,2943637,,1.744638051485579,630,PRI,92170.28932640383,,4707,131
Rhode Island,US,2021-10-19 12:31:14,41.6809,-71.5118,177052,2861,,,44,16713.094025549362,5548054,,1.6159094503309759,84000044,USA,523717.0331926511,,7702,46
South Carolina,US,2021-10-19 12:31:14,33.8569,-80.945,887535,13319,,,45,17237.993798062973,9288417,,1.5006732128873792,84000045,USA,180402.65977096415,,57275,1598
South Dakota,US,2021-10-19 12:31:14,44.2998,-99.4388,149996,2189,,,46,16955.23359848258,971341,,1.4593722499266648,84000046,USA,109798.35168126928,,9594,83
Tennessee,US,2021-10-19 12:31:14,35.7478,-86.6923,1266252,15879,,,47,18541.803152182096,10169578,,1.2540157883264942,84000047,USA,148913.73393034062,,75563,1438
Texas,US,2021-10-19 12:31:14,31.0545,-97.5635,4184467,69103,,,48,14431.246286325979,34288649,,1.651417014401117,84000048,USA,118253.51676674352,,235415,7032
Utah,US,2021-10-19 12:31:14,40.15,-111.8624,532183,3090,,,49,16599.811975078897,4376696,,0.5806273405952463,84000049,USA,136517.5713468486,,37805,286
Vermont,US,2021-10-19 12:31:14,44.0459,-72.7107,37519,346,,,50,6012.76625068711,2218301,,0.9221994189610596,84000050,USA,355503.22201192647,,5755,48
Virgin Islands,US,2021-10-19 12:31:14,18.3358,-64.8963,7079,78,,,78,6599.3586158034095,194334,,1.101850543862127,850,VIR,181166.79718089273,,590,11
Virginia,US,2021-10-19 12:31:14,37.7693,-78.17,907882,13486,,,51,10636.51782627395,9703773,,1.4854353319043665,84000051,USA,113686.97088015387,,71742,1174
Washington,US,2021-10-19 12:31:14,47.4009,-121.4905,695016,8234,,,53,9127.061929826195,9842443,,1.1847209272880048,84000053,USA,129252.54497994915,,66528,963
West Virginia,US,2021-10-19 12:31:14,38.4912,-80.9545,261133,4134,,,54,14570.958743897683,4152286,,1.5831013315054014,84000054,USA,231693.38229509073,,36698,710
Wisconsin,US,2021-10-19 12:31:14,44.2685,-89.6165,858050,9164,,,55,14736.963956998052,11229357,,1.0680030301264496,84000055,USA,192863.6202660262,,78283,451
Wyoming,US,2021-10-19 12:31:14,42.756,-107.3025,98165,1080,,,56,16961.2913146923,1030882,,1.1001884582081192,84000056,USA,178119.38993605282,,12666,162
Cherkasy Oblast,Ukraine,2021-10-19 12:31:14,49.4444,32.0598,93818,1466,,,,7777.006857871383,,,1.5625999275192397,80401,UKR,,,8539,111
Chernihiv Oblast,Ukraine,2021-10-19 12:31:14,51.4982,31.2893,66184,1522,,,,6580.594484685482,,,2.299649462105645,80402,UKR,,,6125,116
Chernivtsi Oblast,Ukraine,2021-10-19 12:31:14,48.2917,25.9352,99252,2255,,,,10974.663137153437,,,2.271994519002136,80403,UKR,,,13178,308
Crimea Republic*,Ukraine,2021-10-19 12:31:14,45.2835,34.2008,88847,2806,,,,4642.606510528387,,,3.1582383198082096,80404,UKR,,,12281,329
Dnipropetrovsk Oblast,Ukraine,2021-10-19 12:31:14,48.4647,35.0462,167321,5227,,,,5218.219248103136,,,3.123935429503768,80405,UKR,,,23397,444
Donetsk Oblast,Ukraine,2021-10-19 12:31:14,48.0159,37.8028,115238,2907,,,,2766.2203206461213,,,2.5226053905829677,80406,UKR,,,17789,318
Ivano-Frankivsk Oblast,Ukraine,2021-10-19 12:31:14,48.9226,24.7111,96617,2309,,,,7035.635120138184,,,2.3898485773725118,80407,UKR,,,6679,148
Kharkiv Oblast,Ukraine,2021-10-19 12:31:14,49.9935,36.2304,188645,4367,,,,7050.573367150073,,,2.314930159824008,80408,UKR,,,29200,536
Kherson Oblast,Ukraine,2021-10-19 12:31:14,46.6354,32.6169,52506,1490,,,,5060.136463513357,,,2.8377709214185045,80409,UKR,,,11652,204
Khmelnytskyi Oblast,Ukraine,2021-10-19 12:31:14,49.423,26.9871,104083,2182,,,,8229.82434638908,,,2.096403831557507,80410,UKR,,,10960,192
Kiev,Ukraine,2021-10-19 12:31:14,50.4501,30.5234,245483,5712,,,,8319.201572454927,,,2.3268413698708263,80411,UKR,,,14384,347
Kiev Oblast,Ukraine,2021-10-19 12:31:14,50.053,30.7667,141616,3034,,,,8010.226591400161,,,2.1424132866342784,80412,UKR,,,9468,184
Kirovohrad Oblast,Ukraine,2021-10-19 12:31:14,48.5079,32.2623,23086,928,,,,2441.544541848175,,,4.019752230789224,80413,UKR,,,1702,44
Luhansk Oblast,Ukraine,2021-10-19 12:31:14,48.574,39.3078,41879,1342,,,,1946.2012154288925,,,3.204470020774135,80414,UKR,,,10400,267
Lviv Oblast,Ukraine,2021-10-19 12:31:14,49.8397,24.0297,165242,4263,,,,6551.967648167878,,,2.57985257985258,80415,UKR,,,19492,416
Mykolaiv Oblast,Ukraine,2021-10-19 12:31:14,46.975,31.9946,78945,2107,,,,3130.2277023069987,,,2.6689467350687193,80416,UKR,,,6467,185
Odessa Oblast,Ukraine,2021-10-19 12:31:14,46.4846,30.7326,173030,3616,,,,7269.227343688296,,,2.08981101543085,80417,UKR,,,22699,434
Poltava Oblast,Ukraine,2021-10-19 12:31:14,49.5883,34.5514,88885,2061,,,,6346.938352902197,,,2.3187264442819373,80418,UKR,,,7884,121
Rivne Oblast,Ukraine,2021-10-19 12:31:14,50.6199,26.2516,92417,1409,,,,7985.562960716356,,,1.5246112728177716,80419,UKR,,,9517,154
Sevastopol*,Ukraine,2021-10-19 12:31:14,44.6054,33.522,35107,1205,,,,7921.057915981327,,,3.4323639160281427,80420,UKR,,,5541,100
Sumy Oblast,Ukraine,2021-10-19 12:31:14,50.9077,34.7981,94030,1629,,,,8695.06518293574,,,1.7324258215463149,80421,UKR,,,12293,214
Ternopil Oblast,Ukraine,2021-10-19 12:31:14,49.5535,25.5948,83298,1463,,,,7964.401235707,,,1.756344690148623,80422,UKR,,,8751,188
Vinnytsia Oblast,Ukraine,2021-10-19 12:31:14,49.2331,28.4682,79496,1897,,,,5094.610720112997,,,2.386283586595552,80423,UKR,,,4990,121
Volyn Oblast,Ukraine,2021-10-19 12:31:14,50.7472,25.3254,71734,1361,,,,6928.61213332947,,,1.897287199933086,80424,UKR,,,7141,130
Zakarpattia Oblast,Ukraine,2021-10-19 12:31:14,48.6208,22.2879,66037,1690,,,,5254.3678320053605,,,2.5591713736238777,80425,UKR,,,2769,58
Zaporizhia Oblast,Ukraine,2021-10-19 12:31:14,47.8388,35.1396,127619,2943,,,,7481.317078546824,,,2.306082950030952,80426,UKR,,,17033,363
Zhytomyr Oblast,Ukraine,2021-10-19 12:31:14,50.2547,28.6587,103812,2168,,,,8507.834416358724,,,2.0883905521519672,80427,UKR,,,11539,288
Anguilla,United Kingdom,2021-10-19 12:31:14,18.2206,-63.0686,698,1,,,,4652.712971603786,,,0.14326647564469913,660,AIA,,,367,1
Bermuda,United Kingdom,2021-10-19 12:31:14,32.3078,-64.7505,5567,95,,,,8939.668877362581,,,1.706484641638225,60,BMU,,,935,52
British Virgin Islands,United Kingdom,2021-10-19 12:31:14,18.4207,-64.64,2725,37,,,,9012.137447498098,,,1.3577981651376148,92,VGB,,,83,0
Cayman Islands,United Kingdom,2021-10-19 12:31:14,19.3133,-81.2546,1011,2,,,,1538.3444917833233,,,0.19782393669634027,136,CYM,,,237,0
Channel Islands,United Kingdom,2021-10-19 12:31:14,49.3723,-2.3644,12326,100,,,,7229.367914181314,,,0.8112932013629726,8261,GBR,,,991,3
England,United Kingdom,2021-10-19 12:31:14,52.3555,-1.1743,7226658,121043,,,,12910.002643933602,,,1.6749512706980183,82601,GBR,,,852535,2492
Falkland Islands (Malvinas),United Kingdom,2021-10-19 12:31:14,-51.7963,-59.5236,69,0,,,,1981.0508182601209,,,0.0,238,FLK,,,1,0
Gibraltar,United Kingdom,2021-10-19 12:31:14,36.1408,-5.3536,5769,98,,,,17123.267341426494,,,1.6987346160513088,292,GIB,,,290,1
Isle of Man,United Kingdom,2021-10-19 12:31:14,54.2361,-4.5481,8647,56,,,,10169.112804591212,,,0.6476234532207702,833,IMN,,,1463,18
Montserrat,United Kingdom,2021-10-19 12:31:14,16.742498,-62.187366,41,1,,,,820.1640328065613,,,2.4390243902439024,500,MSR,,,8,0
Northern Ireland,United Kingdom,2021-10-19 12:31:14,54.7877,-6.4923,259607,2621,,,,13797.140731292517,,,1.009602976807251,82602,GBR,,,32311,112
"Saint Helena, Ascension and Tristan da Cunha",United Kingdom,2021-10-19 12:31:14,-7.9467,-14.3559,4,0,,,,70.65889418830595,,,0.0,654,SHN,,,0,0
Scotland,United Kingdom,2021-10-19 12:31:14,56.4907,-4.2026,609959,8930,,,,11164.662383541085,,,1.4640328284360096,82603,GBR,,,74004,552
Turks and Caicos Islands,United Kingdom,2021-10-19 12:31:14,21.694000000000006,-71.7979,2926,23,,,,7557.208533498631,,,0.7860560492139439,796,TCA,,,121,1
Unknown,United Kingdom,2021-10-19 12:31:14,,,0,0,,,,,,,,82605,GBR,,,0,0
Wales,United Kingdom,2021-10-19 12:31:14,52.1307,-3.7837,401644,6035,,,,12796.915822341169,,,1.5025744191373456,82604,GBR,,,73570,221
